active,comment,id,group_ids
TRUE,,sd.BAR_accountview_account_period_tree_accountaction_account_period_close,"Fin_Config_Full,Fin_Config_HQ,Fin_Config_Coordo,Fin_Config_Project,Fin_Advanced_Accounting"
TRUE,,sd.BAR_accountview_bank_statement_tree_button_confirm_bank,"Fin_Config_Coordo,Fin_Config_Project,Fin_Advanced_Accounting"
TRUE,,sd.BAR_accountview_bank_statement_form2_button_open,"Fin_Cash_Registers,Fin_Cash_Responsible_Access"
TRUE,,sd.BAR_accountinvoice_supplier_form_invoice_cancel,"Fin_Supplier_Invoices,Fin_Invoicing_Advanced"
TRUE,,sd.BAR_accountinvoice_form_invoice_cancel,"Fin_Supplier_Invoices,Fin_Invoicing_Advanced"
TRUE,,sd.BAR_register_accountinginherit_view_bank_statement_form_button_confirm_closing_bank_balance,"Fin_Config_Coordo,Fin_Config_Project,Fin_Advanced_Accounting"
TRUE,,sd.BAR_register_accountinginherit_view_bank_statement_form_button_wiz_hard_posting,Fin_Hard_Posting
TRUE,,sd.BAR_register_accountinginherit_view_bank_statement_form_button_open_register,"Fin_Bnk_Chk_Registers,Fin_Bnk_Chk_Responsible_Access"
TRUE,,sd.BAR_register_accountinginherit_view_bank_statement_form_button_confirm_bank,"Fin_Config_Coordo,Fin_Config_Project,Fin_Advanced_Accounting"
TRUE,,sd.BAR_register_accountinginherit_view_bank_statement_form2_button_wiz_hard_posting,Fin_Hard_Posting
TRUE,,sd.BAR_register_accountinginherit_view_bank_statement_form2_button_confirm_closing_balance,"Fin_Config_Coordo,Fin_Config_Project,Fin_Advanced_Accounting"
TRUE,,sd.BAR_register_accountinginherit_view_bank_statement_form2_button_open_register,"Fin_Cash_Registers,Fin_Cash_Responsible_Access"
TRUE,,sd.BAR_register_accountinginherit_view_bank_statement_form2_button_confirm_cash,"Fin_Config_Coordo,Fin_Config_Project,Fin_Advanced_Accounting"
TRUE,,sd.BAR_accountview_bank_statement_tree_button_open_register,"Fin_Bnk_Chk_Registers,Fin_Bnk_Chk_Responsible_Access"
TRUE,,sd.BAR_register_accountingview_cash_statement_tree_button_confirm_cash,"Fin_Config_Coordo,Fin_Config_Project,Fin_Advanced_Accounting"
TRUE,,sd.BAR_register_accountingview_cheque_register_form_button_wiz_hard_posting,Fin_Hard_Posting
TRUE,,sd.BAR_register_accountingview_cheque_register_form_button_confirm_cheque,"Fin_Config_Coordo,Fin_Config_Project,Fin_Advanced_Accounting"
TRUE,,sd.BAR_register_accountingview_cheque_register_tree_button_confirm_cheque,"Fin_Config_Coordo,Fin_Config_Project,Fin_Advanced_Accounting"
TRUE,,sd.BAR_register_accountingwizard_hard_posting_form1_action_confirm_hard_posting,Fin_Hard_Posting
TRUE,,sd.BAR_register_accountinginherit_view_bank_statement_form_button_hard_posting,Fin_Hard_Posting
TRUE,,sd.BAR_register_accountinginherit_view_bank_statement_form2_button_hard_posting,Fin_Hard_Posting
TRUE,,sd.BAR_register_accountingview_cheque_register_form_button_hard_posting,Fin_Hard_Posting
TRUE,,sd.BAR_register_accountinginvoice_supplier_form_2_invoice_open,Fin_Supplier_Invoices_Validation
TRUE,,sd.BAR_register_accountinginvoice_tree_2_invoice_open,Fin_Supplier_Invoices_Validation
TRUE,,sd.BAR_account_subscriptionaccount_move_line_recurring_entries_to_validate_button_do_accounting_corrections,Fin_Accounting_Entries_Act
TRUE,,sd.BAR_account_correctionsinherit_view_move_line_tree_button_do_accounting_corrections,Fin_Accounting_Entries_Act
TRUE,,sd.BAR_account_mcdbaccount_move_line_mcdb_search_result_button_do_accounting_corrections,Fin_Accounting_Entries_Act
TRUE,,sd.BAR_account_mcdbaccount_analytic_line_mcdb_search_result_button_corrections,Fin_Accounting_Entries_Act
TRUE,,sd.BAR_account_mcdbaccount_analytic_line_default_button_corrections,Fin_Accounting_Entries_Act
TRUE,,sd.BAR_account_mcdbview_move_line_tree_from_move_button_do_accounting_corrections,Fin_Accounting_Entries_Act
TRUE,,sd.BAR_account_period_closing_levelview_account_period_closing_level_form_action_close_field,"Fin_Config_Coordo,Fin_Config_Full,Fin_Config_Project"
TRUE,,sd.BAR_account_period_closing_levelview_account_period_closing_level_form_action_close_hq,Fin_Config_Full
TRUE,,sd.BAR_account_period_closing_levelview_account_period_closing_level_form_action_reopen_field,"Fin_Config_Full,Fin_Config_Coordo"
TRUE,,sd.BAR_account_period_closing_levelview_account_period_closing_level_tree_action_reopen_field,"Fin_Config_Full,Fin_Config_Coordo"
TRUE,,sd.BAR_msf_budgetmsf_budget_view_form_validate,"Fin_Config_Project,Fin_Config_Coordo"
TRUE,,sd.BAR_msf_budgetmsf_budget_view_form_done,"Fin_Config_Project,Fin_Config_Coordo"
TRUE,,sd.BAR_accountview_account_invoice_refund_invoice_refund,Fin_Invoicing_Advanced
TRUE,,sd.BAR_accountinvoice_supplier_form_accountaction_account_invoice_refund,Fin_Invoicing_Advanced
TRUE,,sd.BAR_accountinvoice_form_accountaction_account_invoice_refund,Fin_Invoicing_Advanced
TRUE,,sd.BAR_account_overrideview_debit_note_form_accountaction_account_invoice_refund,Fin_Invoicing_Advanced
TRUE,,sd.BAR_account_overrideinherit_invoice_form_accountaction_account_invoice_refund,Fin_Invoicing_Advanced
TRUE,,sd.BAR_register_accountingview_direct_invoice_refund_invoice_refund,Fin_Invoicing_Advanced
TRUE,,sd.BAR_register_accountinginvoice_supplier_form_2_accountaction_account_invoice_refund,Fin_Invoicing_Advanced
TRUE,,sd.BAR_account_period_closing_levelview_account_period_closing_level_form_action_close_field_reopen,Fin_Config_Full
TRUE,,sd.BAR_msf_budgetmsf_budget_view_tree_unlink,Fin_Budget
TRUE,,sd.BAR_account_period_closing_levelview_account_period_closing_level_form_action_close_mission,"Fin_Config_Full,Fin_Config_Coordo,Fin_Config_HQ"
TRUE,,sd.BAR_account_period_closing_levelview_account_fiscalyear_level_form_btn_hq_close,"Fin_Config_Full,Fin_Config_Coordo,Fin_Config_HQ"
TRUE,,sd.BAR_msf_accrualview_msf_accrual_line_form_button_cancel,Fin_Config_Coordo
TRUE,,sd.BAR_msf_accrualview_msf_accrual_line_tree_button_duplicate,Fin_Config_Coordo
TRUE,,sd.BAR_msf_accrualview_msf_accrual_line_tree_button_analytic_distribution,Fin_Config_Coordo
TRUE,,sd.BAR_msf_accrualview_msf_accrual_line_tree_button_delete,Fin_Config_Coordo
TRUE,,sd.BAR_account_overrideinvoice_supplier_form_3_button_split_invoice,"Fin_Invoicing_Advanced,Fin_Supplier_Invoices"
TRUE,,sd.BAR_account_overrideinvoice_supplier_form_3_button_merge_lines,"Fin_Invoicing_Advanced,Fin_Supplier_Invoices"
TRUE,,sd.BAR_analytic_distributioninvoice_supplier_form_2_button_reset_distribution,"Fin_Invoicing_Advanced,Fin_Supplier_Invoices"
TRUE,,sd.BAR_accountinvoice_supplier_form_accountaction_account_change_currency,"Fin_Invoicing_Advanced,Fin_Supplier_Invoices"
TRUE,,sd.BAR_analytic_distributioninvoice_supplier_form_2_button_analytic_distribution,"Fin_Invoicing_Advanced,Fin_Supplier_Invoices"
TRUE,,sd.BAR_accountinvoice_supplier_form_button_reset_taxes,"Fin_Invoicing_Advanced,Fin_Supplier_Invoices"
TRUE,,sd.BAR_analytic_distributionaccount_commitment_tree_commitment_open,Fin_Budget
TRUE,,sd.BAR_account_period_closing_levelview_account_period_closing_level_tree_action_open_period,"Fin_Config_Full,Fin_Config_HQ,Fin_Config_Coordo,Fin_Config_Project"
TRUE,,sd.BAR_account_period_closing_levelview_account_create_period_account_period_create_periods,Fin_Config_Full
TRUE,,sd.BAR_account_overrideview_intermission_form_button_analytic_distribution,"Fin_Invoicing_Advanced,Fin_Supplier_Invoices"
TRUE,,sd.BAR_account_overrideview_intermission_form_button_reset_distribution,"Fin_Invoicing_Advanced,Fin_Supplier_Invoices"
TRUE,,sd.BAR_account_overrideview_intermission_form_invoice_open,Fin_Supplier_Invoices_Validation
TRUE,,sd.BAR_accountinvoice_supplier_form_invoice_open,Fin_Supplier_Invoices_Validation
TRUE,,sd.BAR_account_overrideview_inkind_donation_form_button_analytic_distribution,"Fin_Invoicing_Advanced,Fin_Supplier_Invoices"
TRUE,,sd.BAR_account_overrideview_inkind_donation_form_button_reset_distribution,"Fin_Invoicing_Advanced,Fin_Supplier_Invoices"
TRUE,,sd.BAR_account_overrideview_inkind_donation_form_invoice_open,Fin_Supplier_Invoices_Validation
TRUE,,sd.BAR_analytic_distributionview_invoice_line_tree_2_button_analytic_distribution,"Fin_Invoicing_Advanced,Fin_Supplier_Invoices"
TRUE,,sd.BAR_analytic_distributioninvoice_form_2_button_reset_distribution,"Fin_Invoicing_Advanced,Fin_Supplier_Invoices"
TRUE,,sd.BAR_accountinvoice_form_invoice_open,Fin_Supplier_Invoices_Validation
TRUE,,sd.BAR_analytic_distributioninvoice_form_2_button_analytic_distribution,"Fin_Invoicing_Advanced,Fin_Supplier_Invoices"
TRUE,,sd.BAR_account_overrideview_debit_note_form_invoice_open,Fin_Supplier_Invoices_Validation
TRUE,,sd.BAR_analytic_distributionview_analytic_account_form_activate_destination,Fin_Config_Full
TRUE,,sd.BAR_account_hq_entrieshq_entries_validation_form_button_validate,Fin_HQ_Entries
TRUE,,sd.BAR_account_hq_entrieshq_entries_split_form_button_validate,Fin_HQ_Entries
TRUE,,sd.BAR_account_hq_entrieshq_entries_unsplit_form_button_validate,Fin_HQ_Entries
TRUE,,sd.BAR_register_accountinginvoice_supplier_form_2_wizard_import_si_line,"Fin_Invoicing_Advanced,Fin_Supplier_Invoices"
TRUE,,sd.BAR_stockview_stock_move_track_wizard_track_lines,"Sup_Warehouse_Manager,Sup_Supply_System_Administrator"
TRUE,,sd.BAR_stockview_stock_move_consume_wizard_do_move_consume,"Sup_Consumption_Management,Sup_Supply_System_Administrator"
TRUE,,sd.BAR_stockview_stock_move_scrap_wizard_move_scrap,"Sup_Warehouse_Manager,Sup_Supply_System_Administrator"
TRUE,,sd.BAR_stockview_change_product_quantity_change_product_qty,"Sup_Warehouse_Manager,Sup_Supply_System_Administrator"
TRUE,,sd.BAR_stockview_stock_location_product_action_open_window,"Sup_Store_Keeper,Sup_Warehouse_Manager,Sup_Supply_System_Administrator"
TRUE,,sd.BAR_stockview_tracking_form_action_traceability,"Sup_Warehouse_Manager,Sup_Supply_System_Administrator"
TRUE,,sd.BAR_stockview_production_lot_form_action_traceability,"Sup_Warehouse_Manager,Sup_Supply_System_Administrator,Sup_Store_Keeper"
TRUE,,sd.BAR_stockstock_move_tree_action_done,"Sup_Store_Keeper,Sup_Warehouse_Manager,Sup_Supply_System_Administrator"
TRUE,,sd.BAR_stockvpicktree_action_process,"Sup_Store_Keeper,Sup_Warehouse_Manager,Sup_Supply_System_Administrator,Sup_Consumption_Management"
TRUE,,sd.BAR_stockview_picking_form_action_cancel,"Sup_Store_Keeper,Sup_Warehouse_Manager,Sup_Supply_System_Administrator,Sup_Consumption_Management"
TRUE,,sd.BAR_stockview_picking_form_action_confirm,"Sup_Store_Keeper,Sup_Warehouse_Manager,Sup_Supply_System_Administrator,Sup_Consumption_Management"
TRUE,,sd.BAR_stockview_picking_form_force_assign,"Sup_Store_Keeper,Sup_Warehouse_Manager,Sup_Supply_System_Administrator,Sup_Consumption_Management"
TRUE,,sd.BAR_stockview_picking_form_cancel_assign,"Sup_Store_Keeper,Sup_Warehouse_Manager,Sup_Supply_System_Administrator,Sup_Consumption_Management"
TRUE,,sd.BAR_stockview_picking_form_draft_force_assign,"Sup_Store_Keeper,Sup_Warehouse_Manager,Sup_Supply_System_Administrator,Sup_Consumption_Management"
TRUE,,sd.BAR_stockview_picking_form_action_assign,"Sup_Store_Keeper,Sup_Warehouse_Manager,Sup_Supply_System_Administrator,Sup_Consumption_Management"
TRUE,,sd.BAR_stockview_picking_form_action_process,"Sup_Store_Keeper,Sup_Warehouse_Manager,Sup_Supply_System_Administrator,Sup_Consumption_Management"
TRUE,,sd.BAR_stockview_picking_out_tree_action_process,"Sup_Store_Keeper,Sup_Warehouse_Manager,Sup_Supply_System_Administrator"
TRUE,,sd.BAR_stockview_picking_out_form_stockaction_partial_move_server,"Sup_Store_Keeper,Sup_Warehouse_Manager,Sup_Supply_System_Administrator"
TRUE,,sd.BAR_stockview_picking_out_form_action_cancel,"Sup_Store_Keeper,Sup_Warehouse_Manager,Sup_Supply_System_Administrator"
TRUE,,sd.BAR_stockview_picking_out_form_action_confirm,"Sup_Store_Keeper,Sup_Warehouse_Manager,Sup_Supply_System_Administrator"
TRUE,,sd.BAR_stockview_picking_out_form_force_assign,"Sup_Store_Keeper,Sup_Warehouse_Manager,Sup_Supply_System_Administrator"
TRUE,,sd.BAR_stockview_picking_out_form_cancel_assign,"Sup_Store_Keeper,Sup_Warehouse_Manager,Sup_Supply_System_Administrator"
TRUE,,sd.BAR_stockview_picking_out_form_draft_force_assign,"Sup_Store_Keeper,Sup_Warehouse_Manager,Sup_Supply_System_Administrator"
TRUE,,sd.BAR_stockview_picking_out_form_action_assign,"Sup_Store_Keeper,Sup_Warehouse_Manager,Sup_Supply_System_Administrator"
TRUE,,sd.BAR_stockview_picking_out_form_action_process,"Sup_Store_Keeper,Sup_Warehouse_Manager,Sup_Supply_System_Administrator"
TRUE,,sd.BAR_stockview_picking_out_form_stockact_stock_return_picking,"Sup_Store_Keeper,Sup_Warehouse_Manager,Sup_Supply_System_Administrator"
TRUE,,sd.BAR_stockview_picking_out_form_stockaction_stock_invoice_onshipping,"Sup_Store_Keeper,Sup_Warehouse_Manager,Sup_Supply_System_Administrator"
TRUE,,sd.BAR_stockview_picking_in_tree_action_process,"Sup_Store_Keeper,Sup_Warehouse_Manager,Sup_Supply_System_Administrator"
TRUE,,sd.BAR_stockview_picking_in_tree_button_cancel,"Sup_Store_Keeper,Sup_Warehouse_Manager,Sup_Supply_System_Administrator"
TRUE,,sd.BAR_stockview_picking_in_form_action_cancel,"Sup_Store_Keeper,Sup_Warehouse_Manager,Sup_Supply_System_Administrator"
TRUE,,sd.BAR_stockview_picking_in_form_force_assign,"Sup_Warehouse_Manager,Sup_Supply_System_Administrator"
TRUE,,sd.BAR_stockview_picking_in_form_cancel_assign,"Sup_Store_Keeper,Sup_Warehouse_Manager,Sup_Supply_System_Administrator"
TRUE,,sd.BAR_stockview_picking_in_form_draft_force_assign,"Sup_Warehouse_Manager,Sup_Supply_System_Administrator"
TRUE,,sd.BAR_stockview_picking_in_form_action_assign,"Sup_Store_Keeper,Sup_Warehouse_Manager,Sup_Supply_System_Administrator"
TRUE,,sd.BAR_stockview_picking_in_form_action_process,"Sup_Store_Keeper,Sup_Warehouse_Manager,Sup_Supply_System_Administrator"
TRUE,,sd.BAR_stockview_picking_in_form_stockaction_stock_invoice_onshipping,"Sup_Store_Keeper,Sup_Warehouse_Manager,Sup_Supply_System_Administrator"
TRUE,,sd.BAR_stockview_move_tree_stockmove_scrap,"Sup_Warehouse_Manager,Sup_Supply_System_Administrator"
TRUE,,sd.BAR_stockview_move_tree_stocktrack_line,"Sup_Store_Keeper,Sup_Warehouse_Manager,Sup_Supply_System_Administrator"
TRUE,,sd.BAR_stockview_move_tree_setlast_tracking,"Sup_Store_Keeper,Sup_Warehouse_Manager,Sup_Supply_System_Administrator"
TRUE,,sd.BAR_stockview_move_tree_stocksplit_into,"Sup_Store_Keeper,Sup_Warehouse_Manager,Sup_Supply_System_Administrator"
TRUE,,sd.BAR_stockview_move_tree_action_done,"Sup_Store_Keeper,Sup_Warehouse_Manager,Sup_Supply_System_Administrator,Sup_Consumption_Management"
TRUE,,sd.BAR_stockview_move_form_stockmove_scrap,"Sup_Warehouse_Manager,Sup_Supply_System_Administrator"
TRUE,,sd.BAR_stockview_move_form_stocksplit_into,"Sup_Store_Keeper,Sup_Warehouse_Manager,Sup_Supply_System_Administrator"
TRUE,,sd.BAR_stockview_move_form_stocktrack_line,"Sup_Store_Keeper,Sup_Warehouse_Manager,Sup_Supply_System_Administrator"
TRUE,,sd.BAR_stockview_move_form_action_cancel,"Sup_Store_Keeper,Sup_Warehouse_Manager,Sup_Supply_System_Administrator"
TRUE,,sd.BAR_stockview_move_form_action_confirm,"Sup_Store_Keeper,Sup_Warehouse_Manager,Sup_Supply_System_Administrator"
TRUE,,sd.BAR_stockview_move_form_force_assign,"Sup_Store_Keeper,Sup_Warehouse_Manager,Sup_Supply_System_Administrator,Sup_Consumption_Management"
TRUE,,sd.BAR_stockview_move_form_action_done,"Sup_Store_Keeper,Sup_Warehouse_Manager,Sup_Supply_System_Administrator"
TRUE,,sd.BAR_stockview_move_tree_reception_picking_stockmove_scrap,"Sup_Warehouse_Manager,Sup_Supply_System_Administrator"
TRUE,,sd.BAR_stockview_move_tree_reception_picking_stocktrack_line,"Sup_Store_Keeper,Sup_Warehouse_Manager,Sup_Supply_System_Administrator"
TRUE,,sd.BAR_stockview_move_tree_reception_picking_setlast_tracking,"Sup_Store_Keeper,Sup_Warehouse_Manager,Sup_Supply_System_Administrator"
TRUE,,sd.BAR_stockview_move_tree_reception_picking_stocksplit_into,"Sup_Store_Keeper,Sup_Warehouse_Manager,Sup_Supply_System_Administrator"
TRUE,,sd.BAR_stockview_move_tree_reception_picking_action_assign,"Sup_Warehouse_Manager,Sup_Supply_System_Administrator"
TRUE,,sd.BAR_stockview_move_tree_reception_picking_stockaction_partial_move_server,"Sup_Store_Keeper,Sup_Warehouse_Manager,Sup_Supply_System_Administrator"
TRUE,,sd.BAR_stockview_move_tree_reception_picking_board_action_done,"Sup_Store_Keeper,Sup_Warehouse_Manager,Sup_Supply_System_Administrator"
TRUE,,sd.BAR_stockview_move_form_reception_picking_stockmove_scrap,"Sup_Warehouse_Manager,Sup_Supply_System_Administrator"
TRUE,,sd.BAR_stockview_move_form_reception_picking_stocksplit_into,"Sup_Store_Keeper,Sup_Warehouse_Manager,Sup_Supply_System_Administrator"
TRUE,,sd.BAR_stockview_move_form_reception_picking_stocktrack_line,"Sup_Store_Keeper,Sup_Warehouse_Manager,Sup_Supply_System_Administrator"
TRUE,,sd.BAR_stockview_move_form_reception_picking_action_cancel,"Sup_Store_Keeper,Sup_Warehouse_Manager,Sup_Supply_System_Administrator"
TRUE,,sd.BAR_stockview_move_form_reception_picking_action_confirm,"Sup_Store_Keeper,Sup_Warehouse_Manager,Sup_Supply_System_Administrator"
TRUE,,sd.BAR_stockview_move_form_reception_picking_force_assign,"Sup_Store_Keeper,Sup_Warehouse_Manager,Sup_Supply_System_Administrator"
TRUE,,sd.BAR_stockview_move_form_reception_picking_stockaction_partial_move_server,"Sup_Store_Keeper,Sup_Warehouse_Manager,Sup_Supply_System_Administrator"
TRUE,,sd.BAR_stockview_product_standard_price_form_stockaction_view_change_standard_price,"Sup_Product_Manager,Sup_Supply_System_Administrator"
TRUE,,sd.BAR_procurementview_make_procurment_wizard_make_procurement,"Sup_Purchase_Manager,Sup_Purchase_Sup,Sup_Supply_System_Administrator"
TRUE,,sd.BAR_procurementview_compute_procurment_wizard_procure_calculation,"Sup_Purchase_Officer,Sup_Purchase_Manager,Sup_Warehouse_Manager,Sup_Supply_System_Administrator,Sup_Purchase_Sup"
TRUE,,sd.BAR_procurementview_procurement_compute_wizard_procure_calculation,"Sup_Supply_System_Administrator,Sup_Purchase_Officer,Sup_Purchase_Manager,Sup_Warehouse_Manager,Sup_Purchase_Sup"
TRUE,,sd.BAR_procurementview_compute_schedulers_wizard_procure_calculation,"Sup_Supply_System_Administrator,Sup_Purchase_Officer,Sup_Purchase_Manager,Sup_Warehouse_Manager,Sup_Purchase_Sup"
TRUE,,sd.BAR_procurementprocurement_form_view_button_cancel,"Sup_Purchase_Officer,Sup_Purchase_Manager,Sup_Supply_System_Administrator,Sup_Purchase_Sup"
TRUE,,sd.BAR_procurementprocurement_form_view_button_confirm,"Sup_Purchase_Officer,Sup_Purchase_Manager,Sup_Supply_System_Administrator,Sup_Purchase_Sup"
TRUE,,sd.BAR_procurementprocurement_form_view_button_check,"Sup_Purchase_Manager,Sup_Supply_System_Administrator,Sup_Purchase_Sup"
TRUE,,sd.BAR_stock_move_trackingstock_move_tracking_form_view_print_report,"Sup_Store_Keeper,Sup_Warehouse_Manager,Sup_Supply_System_Administrator,Sup_Requester,Sup_Request_Validator"
TRUE,,sd.BAR_stock_move_trackingstock_move_tracking_form_view_print_view,"Sup_Supply_System_Administrator,Sup_Purchase_Officer,Sup_Purchase_Manager,Sup_Purchase_Sup,Sup_Supply_Config,Sup_Product_Manager,Sup_Consumption_Management,Sup_Store_Keeper,Sup_Demand_Manager,Sup_Warehouse_Manager,Sup_Requester,Sup_Request_Validator"
TRUE,,sd.BAR_stock_schedulestock_frequence_form_view_choose_frequency,"Sup_Supply_System_Administrator,Sup_Purchase_Manager,Sup_Warehouse_Manager,Sup_Purchase_Sup"
TRUE,,sd.BAR_purchasepurchase_order_form_purchase_cancel,"Sup_Purchase_Officer,Sup_Purchase_Manager,Sup_Supply_System_Administrator,Sup_Purchase_Sup"
TRUE,,sd.BAR_purchasepurchase_order_form_validate_lines,"Sup_Purchase_Manager,Sup_Purchase_Sup,Sup_Supply_System_Administrator"
TRUE,,sd.BAR_saleview_order_form_invoice_cancel,"Sup_Demand_Manager,Sup_Supply_System_Administrator"
TRUE,,sd.BAR_saleview_order_form_order_confirm,"Sup_Demand_Manager,Sup_Supply_System_Administrator"
TRUE,,sd.BAR_saleview_order_line_form2_button_cancel,"Sup_Demand_Manager,Sup_Supply_System_Administrator"
TRUE,,sd.BAR_product_listproduct_list_add_products_form_view_fill_list,"Sup_Supply_System_Administrator,Sup_Purchase_Officer,Sup_Purchase_Manager,Sup_Purchase_Sup,Sup_Demand_Manager,Sup_Product_Manager,Sup_Warehouse_Manager"
TRUE,,sd.BAR_product_attributesproduct_where_used_ask_product_view_where_used,"Sup_Purchase_Officer,Sup_Purchase_Manager,Sup_Purchase_Sup,Sup_Product_Manager,Sup_Store_Keeper,Sup_Demand_Manager,Sup_Warehouse_Manager,Sup_Supply_System_Administrator,Sup_Supply_Config"
TRUE,,sd.BAR_productproduct_normal_form_view_deactivate_product,"Sup_Store_Keeper,Sup_Warehouse_Manager,Sup_Supply_System_Administrator,UniData"
TRUE,,sd.BAR_consumption_calculationreal_average_consumption_form_view_change_cons_location_id,"Sup_Consumption_Management,Sup_Supply_System_Administrator"
TRUE,,sd.BAR_consumption_calculationreal_average_consumption_form_view_import_rac,"Sup_Consumption_Management,Sup_Supply_System_Administrator"
TRUE,,sd.BAR_consumption_calculationreal_average_consumption_form_view_export_rac,"Sup_Consumption_Management,Sup_Supply_System_Administrator"
TRUE,,sd.BAR_consumption_calculationreal_average_consumption_form_view_add_multiple_lines,"Sup_Consumption_Management,Sup_Supply_System_Administrator"
TRUE,,sd.BAR_consumption_calculationreal_average_consumption_form_view_button_remove_lines,"Sup_Consumption_Management,Sup_Supply_System_Administrator"
TRUE,,sd.BAR_consumption_calculationreal_average_consumption_form_view_copy,"Sup_Consumption_Management,Sup_Supply_System_Administrator"
TRUE,,sd.BAR_consumption_calculationreal_average_consumption_form_view_button_update_stock,"Sup_Consumption_Management,Sup_Supply_System_Administrator"
TRUE,,sd.BAR_consumption_calculationreal_average_consumption_form_view_cancel_button,"Sup_Consumption_Management,Sup_Supply_System_Administrator"
TRUE,,sd.BAR_consumption_calculationreal_average_consumption_form_view_process_moves,"Sup_Consumption_Management,Sup_Supply_System_Administrator"
TRUE,,sd.BAR_consumption_calculationreal_average_consumption_form_view_draft_button,"Sup_Consumption_Management,Sup_Supply_System_Administrator"
TRUE,,sd.BAR_consumption_calculationreal_average_consumption_confirmation_view_process_moves,"Sup_Consumption_Management,Sup_Supply_System_Administrator"
TRUE,,sd.BAR_consumption_calculationmonthly_review_consumption_form_view_import_fmc,"Sup_Consumption_Management,Sup_Supply_System_Administrator,Sup_Consumption_Only"
TRUE,,sd.BAR_consumption_calculationmonthly_review_consumption_form_view_export_fmc,"Sup_Consumption_Management,Sup_Supply_System_Administrator,Sup_Consumption_Only"
TRUE,,sd.BAR_consumption_calculationmonthly_review_consumption_form_view_add_multiple_lines,"Sup_Consumption_Management,Sup_Supply_System_Administrator,Sup_Consumption_Only"
TRUE,,sd.BAR_consumption_calculationmonthly_review_consumption_form_view_button_remove_lines,"Sup_Consumption_Management,Sup_Supply_System_Administrator,Sup_Consumption_Only"
TRUE,,sd.BAR_consumption_calculationmonthly_review_consumption_form_view_display_graph,"Sup_Consumption_Management,Sup_Supply_System_Administrator,Sup_Consumption_Only"
TRUE,,sd.BAR_consumption_calculationmonthly_review_consumption_form_view_valid_multiple_lines,"Sup_Consumption_Management,Sup_Supply_System_Administrator,Sup_Consumption_Only"
TRUE,,sd.BAR_consumption_calculationview_real_consumption_change_location_change_location,"Sup_Consumption_Management,Sup_Supply_System_Administrator"
TRUE,,sd.BAR_consumption_calculationexpiry_quantity_report_init_view_process_lines,"Sup_Purchase_Officer,Sup_Purchase_Manager,Sup_Purchase_Sup,Sup_Consumption_Management,Sup_Store_Keeper,Sup_Demand_Manager,Sup_Warehouse_Manager,Sup_Supply_System_Administrator,Sup_Med_Read,Sup_Requester,Sup_Request_Validator"
TRUE,,sd.BAR_consumption_calculationexpiry_quantity_report_init_view_print_report_wizard,"Sup_Store_Keeper,Sup_Warehouse_Manager,Sup_Supply_System_Administrator,Sup_Requester,Sup_Request_Validator"
TRUE,,sd.BAR_consumption_calculationexpiry_quantity_report_processed_loc_view_print_report,"Sup_Store_Keeper,Sup_Warehouse_Manager,Sup_Supply_System_Administrator"
TRUE,,sd.BAR_consumption_calculationproduct_likely_expire_report_form_init_process_lines,"Sup_Purchase_Officer,Sup_Purchase_Manager,Sup_Purchase_Sup,Sup_Consumption_Management,Sup_Store_Keeper,Sup_Demand_Manager,Sup_Warehouse_Manager,Sup_Supply_System_Administrator,Sup_Med_Read,Sup_Requester,Sup_Request_Validator"
TRUE,,sd.BAR_consumption_calculationhistory_consumption_tree_view_in_progress,"Sup_Consumption_Management,Sup_Supply_System_Administrator"
TRUE,,sd.BAR_consumption_calculationhistory_consumption_tree_view_open_report,"Sup_Consumption_Management,Sup_Supply_System_Administrator"
TRUE,,sd.BAR_consumption_calculationwizard_to_import_fmc_begin_import_file,"Sup_Warehouse_Manager,Sup_Supply_System_Administrator"
TRUE,,sd.BAR_consumption_calculationwizard_to_import_fmc_end_close_import,"Sup_Warehouse_Manager,Sup_Supply_System_Administrator"
TRUE,,sd.BAR_consumption_calculationwizard_to_import_rac_begin_import_file,"Sup_Warehouse_Manager,Sup_Supply_System_Administrator"
TRUE,,sd.BAR_consumption_calculationwizard_to_import_rac_end_close_import,"Sup_Warehouse_Manager,Sup_Supply_System_Administrator"
TRUE,,sd.BAR_consumption_calculationwizard_export_fmc_view_close_window,"Sup_Warehouse_Manager,Sup_Supply_System_Administrator"
TRUE,,sd.BAR_consumption_calculationwizard_export_rac_view_close_window,"Sup_Warehouse_Manager,Sup_Supply_System_Administrator"
TRUE,,sd.BAR_stockview_picking_form_call_cancel_wizard,"Sup_Store_Keeper,Sup_Warehouse_Manager,Sup_Supply_System_Administrator,Sup_Consumption_Management"
TRUE,,sd.BAR_stockview_picking_form_change_all_location,"Sup_Store_Keeper,Sup_Warehouse_Manager,Sup_Supply_System_Administrator,Sup_Consumption_Management"
TRUE,,sd.BAR_stockview_picking_form_print_certificate,"Sup_Store_Keeper,Sup_Warehouse_Manager,Sup_Supply_System_Administrator,Sup_Consumption_Management"
TRUE,,sd.BAR_stockview_picking_in_form_export_template_file,"Sup_Store_Keeper,Sup_Warehouse_Manager,Sup_Supply_System_Administrator"
TRUE,,sd.BAR_stockview_picking_in_form_create_composition_list,"Sup_Warehouse_Manager,Sup_Supply_System_Administrator"
TRUE,,sd.BAR_stockview_picking_in_form_in_action_confirm,"Sup_Store_Keeper,Sup_Warehouse_Manager,Sup_Supply_System_Administrator"
TRUE,,sd.BAR_stockview_picking_in_form_call_cancel_wizard,"Sup_Store_Keeper,Sup_Warehouse_Manager,Sup_Supply_System_Administrator"
TRUE,,sd.BAR_stockview_picking_in_form_enter_reason,"Sup_Supply_System_Administrator,Sup_Warehouse_CR,Sup_Warehouse_Manager,Sup_Store_Keeper"
TRUE,,sd.BAR_stockview_picking_out_form_call_cancel_wizard,"Sup_Store_Keeper,Sup_Warehouse_Manager,Sup_Supply_System_Administrator"
TRUE,,sd.BAR_stockview_picking_out_form_set_delivered,"Sup_Store_Keeper,Sup_Warehouse_Manager,Sup_Supply_System_Administrator"
TRUE,,sd.BAR_stockview_picking_out_form_convert_to_pick,"Sup_Store_Keeper,Sup_Warehouse_Manager,Sup_Supply_System_Administrator"
TRUE,,sd.BAR_stockview_picking_out_form_print_certificate,"Sup_Store_Keeper,Sup_Warehouse_Manager,Sup_Supply_System_Administrator"
TRUE,,sd.BAR_stock_overridestock_picking_cancel_wizard_just_cancel,"Sup_Store_Keeper,Sup_Warehouse_Manager,Sup_Supply_System_Administrator"
TRUE,,sd.BAR_stock_overridestock_picking_cancel_wizard_cancel_and_resource,"Sup_Supply_System_Administrator,Sup_Warehouse_CR"
TRUE,,sd.BAR_stock_overridestock_move_cancel_wizard_form_view_just_cancel,"Sup_Store_Keeper,Sup_Warehouse_Manager,Sup_Supply_System_Administrator"
TRUE,,sd.BAR_stock_overridestock_move_cancel_wizard_form_view_cancel_and_resource,"Sup_Supply_System_Administrator,Sup_Warehouse_CR"
TRUE,,sd.BAR_stock_overrideview_stock_analyze_view_action_open_window,"Sup_Store_Keeper,Sup_Warehouse_Manager,Sup_Supply_System_Administrator"
TRUE,,sd.BAR_stock_overridechange_dest_location_form_view_close_window,"Sup_Store_Keeper,Sup_Warehouse_Manager,Sup_Supply_System_Administrator"
TRUE,,sd.BAR_stock_overridechange_dest_location_form_view_change_dest_location,"Sup_Store_Keeper,Sup_Warehouse_Manager,Sup_Supply_System_Administrator"
TRUE,,sd.BAR_stock_overridestock_card_wizard_form_view_show_card,"Sup_Store_Keeper,Sup_Warehouse_Manager,Sup_Supply_System_Administrator,Sup_Product_Manager,Sup_Consumption_Management,Sup_Requester,Sup_Request_Validator,Sup_Supply_Config"
TRUE,,sd.BAR_procurement_cycleorder_cycle_form_view_choose_change_frequence,"Sup_Supply_System_Administrator,Sup_Purchase_Manager,Sup_Purchase_Sup,Sup_Warehouse_Manager"
TRUE,,sd.BAR_procurement_cycleview_compute_schedulers_wizard_procure_calculation_cycle,"Sup_Supply_System_Administrator,Sup_Purchase_Officer,Sup_Purchase_Manager,Sup_Warehouse_Manager,Sup_Purchase_Sup"
TRUE,,sd.BAR_threshold_valuethreshold_value_form_view_dummy,"Sup_Supply_System_Administrator,Sup_Purchase_Manager,Sup_Purchase_Sup,Sup_Warehouse_Manager"
TRUE,,sd.BAR_threshold_valueview_compute_schedulers_wizard_procure_calculation_threshold,"Sup_Supply_System_Administrator,Sup_Purchase_Officer,Sup_Purchase_Manager,Sup_Purchase_Sup,Sup_Warehouse_Manager"
TRUE,,sd.BAR_supplier_cataloguesupplier_catalogue_form_view_catalogue_import_lines,"Sup_Purchase_Manager,Sup_Purchase_Sup,Sup_Supply_System_Administrator,Sup_Supply_Config"
TRUE,,sd.BAR_supplier_cataloguesupplier_catalogue_form_view_check_lines_to_fix,"Sup_Purchase_Manager,Sup_Purchase_Sup,Sup_Supply_System_Administrator,Sup_Supply_Config"
TRUE,,sd.BAR_supplier_cataloguesupplier_catalogue_form_view_clear_error,"Sup_Purchase_Manager,Sup_Purchase_Sup,Sup_Supply_System_Administrator,Sup_Supply_Config"
TRUE,,sd.BAR_supplier_cataloguesupplier_catalogue_form_view_add_multiple_lines,"Sup_Purchase_Manager,Sup_Purchase_Sup,Sup_Supply_System_Administrator,Sup_Supply_Config"
TRUE,,sd.BAR_supplier_cataloguesupplier_catalogue_form_view_button_remove_lines,"Sup_Purchase_Manager,Sup_Purchase_Sup,Sup_Supply_System_Administrator,Sup_Supply_Config"
TRUE,,sd.BAR_supplier_cataloguesupplier_catalogue_form_view_button_confirm,"Sup_Purchase_Manager,Sup_Purchase_Sup,Sup_Supply_System_Administrator,Sup_Supply_Config"
TRUE,,sd.BAR_supplier_cataloguesupplier_catalogue_form_view_button_draft,"Sup_Purchase_Manager,Sup_Purchase_Sup,Sup_Supply_System_Administrator,Sup_Supply_Config"
TRUE,,sd.BAR_supplier_cataloguesupplier_historical_catalogue_form_view_open_historical_prices,"Sup_Purchase_Manager,Sup_Purchase_Sup,Sup_Supply_System_Administrator"
TRUE,,sd.BAR_supplier_cataloguecatalogue_partner_form_open_lines,"Sup_Purchase_Manager,Sup_Purchase_Sup,Sup_Supply_System_Administrator"
TRUE,,sd.BAR_supplier_cataloguefrom_supplier_choose_catalogue_form_view_open_catalogue,"Sup_Purchase_Manager,Sup_Purchase_Sup,Sup_Supply_System_Administrator"
TRUE,,sd.BAR_procurement_autoautomatic_supply_form_view_choose_change_frequence,"Sup_Supply_System_Administrator,Sup_Purchase_Manager,Sup_Purchase_Sup,Sup_Warehouse_Manager"
TRUE,,sd.BAR_procurement_autoview_compute_schedulers_wizard_procure_calculation,"Sup_Supply_System_Administrator,Sup_Purchase_Officer,Sup_Purchase_Manager,Sup_Purchase_Sup,Sup_Warehouse_Manager"
TRUE,,sd.BAR_import_dataview_import_datas_import_csv,"Sup_Product_Manager,Sup_Supply_System_Administrator"
TRUE,,sd.BAR_import_dataview_import_products_import_csv,"Sup_Product_Manager,Sup_Supply_System_Administrator"
TRUE,,sd.BAR_import_dataview_update_products_import_csv,"Sup_Product_Manager,Sup_Supply_System_Administrator"
TRUE,,sd.BAR_saleview_order_form_open_split_wizard,"Sup_Demand_Manager,Sup_Supply_System_Administrator"
TRUE,,sd.BAR_saleview_order_line_to_correct_form_save_and_close,"Sup_Demand_Manager,Sup_Supply_System_Administrator"
TRUE,,sd.BAR_salesale_order_unlink_wizard_cancel_fo,"Sup_Demand_Manager,Sup_Supply_System_Administrator"
TRUE,,sd.BAR_salesale_order_unlink_wizard_close_window,"Sup_Demand_Manager,Sup_Supply_System_Administrator"
TRUE,,sd.BAR_salesale_order_cancelation_wizard_form_view_resource_lines,"Sup_Demand_Manager,Sup_Supply_System_Administrator"
TRUE,,sd.BAR_salesale_order_cancelation_wizard_form_view_only_cancel,"Sup_Demand_Manager,Sup_Supply_System_Administrator"
TRUE,,sd.BAR_salesplit_sale_order_line_view_split_line,"Sup_Demand_Manager,Sup_Supply_System_Administrator"
TRUE,,sd.BAR_salesale_order_change_currency_view_apply_to_lines,"Sup_Demand_Manager,Sup_Supply_System_Administrator"
TRUE,,sd.BAR_unifield_setupview_restrictive_countries_setup_go_to_products,"Sup_Product_Manager,Sup_Supply_System_Administrator"
TRUE,,sd.BAR_purchasepurchase_order_form_open_split_wizard,"Sup_Purchase_Manager,Sup_Purchase_Sup,Sup_Supply_System_Administrator"
TRUE,,sd.BAR_purchasepurchase_order_form_ask_unlink,"Sup_Purchase_Manager,Sup_Purchase_Sup,Sup_Supply_System_Administrator"
TRUE,,sd.BAR_purchasepurchase_order_form_close_lines,"Sup_Purchase_Manager,Sup_Purchase_Sup,Sup_Supply_System_Administrator"
TRUE,,sd.BAR_purchasepurchase_line_cancel_form_view_cancel_only_pol,"Sup_Purchase_Manager,Sup_Purchase_Sup,Sup_Supply_System_Administrator"
TRUE,,sd.BAR_purchasepurchase_line_cancel_form_view_cancel_and_resource,"Sup_Supply_System_Administrator,Sup_Purchase_CR"
TRUE,,sd.BAR_purchase_overridepurchase_order_cancel_wizard_form_view_cancel_po,"Sup_Purchase_Manager,Sup_Purchase_Sup,Sup_Supply_System_Administrator"
TRUE,,sd.BAR_purchase_overridepurchase_order_cancel_wizard_form_view_cancel_and_resource,"Sup_Supply_System_Administrator,Sup_Purchase_CR"
TRUE,,sd.BAR_purchase_overrideask_po_cancel_wizard_form_view_close_window,"Sup_Purchase_Officer,Sup_Purchase_Manager,Sup_Purchase_Sup,Sup_Supply_System_Administrator"
TRUE,,sd.BAR_purchase_overrideask_po_cancel_wizard_form_view_cancel_po,"Sup_Purchase_Manager,Sup_Purchase_Sup,Sup_Supply_System_Administrator"
TRUE,,sd.BAR_purchase_overridesplit_purchase_order_line_view_split_line,"Sup_Purchase_Manager,Sup_Purchase_Sup,Sup_Supply_System_Administrator"
TRUE,,sd.BAR_purchasepurchase_order_form_change_currency,"Sup_Purchase_Manager,Sup_Purchase_Sup,Sup_Supply_System_Administrator,Sup_Purchase_Officer"
TRUE,,sd.BAR_order_typesstock_certificate_picking_form_view_attach_certificate,"Sup_Store_Keeper,Sup_Warehouse_Manager,Sup_Supply_System_Administrator"
TRUE,,sd.BAR_order_typesstock_pirnt_certificate_form_view_print_certificate,"Sup_Store_Keeper,Sup_Warehouse_Manager,Sup_Supply_System_Administrator"
TRUE,,sd.BAR_order_typesstock_picking_not_available_form_view_yes,"Sup_Warehouse_Manager,Sup_Supply_System_Administrator"
TRUE,,sd.BAR_order_typesstock_picking_not_available_form_view_no,"Sup_Warehouse_Manager,Sup_Supply_System_Administrator"
TRUE,,sd.BAR_procurement_requestprocurement_request_form_view_open_order_line_to_correct,"Sup_Demand_Manager,Sup_Supply_System_Administrator"
TRUE,,sd.BAR_procurement_requestprocurement_request_form_view_open_split_wizard,"Sup_Demand_Manager,Sup_Supply_System_Administrator"
TRUE,,sd.BAR_procurement_requestprocurement_request_form_view_ask_resource_lines,"Sup_Supply_System_Administrator,Sup_Demand_Manager,Sup_Requester,Sup_Request_Validator"
TRUE,,sd.BAR_procurement_requestprocurement_request_form_view_validate_ir_lines,"Sup_Supply_System_Administrator,Sup_Demand_Manager,Sup_Request_Validator"
TRUE,,sd.BAR_procurement_requestwizard_import_list_init_import_file,"Sup_Demand_Manager,Sup_Supply_System_Administrator"
TRUE,,sd.BAR_procurement_requestwizard_import_list_done_close_window,"Sup_Demand_Manager,Sup_Supply_System_Administrator"
TRUE,,sd.BAR_specific_rulesview_production_lot_tree_unlink,"Sup_Warehouse_Manager,Sup_Supply_System_Administrator"
TRUE,,sd.BAR_specific_rulesstock_initial_inventory_form_view_action_cancel_inventary,"Sup_Warehouse_Manager,Sup_Supply_System_Administrator"
TRUE,,sd.BAR_specific_rulesstock_initial_inventory_form_view_action_confirm,Sup_Supply_System_Administrator
TRUE,,sd.BAR_specific_rulesstock_initial_inventory_form_view_action_done,Sup_Supply_System_Administrator
TRUE,,sd.BAR_specific_rulesstock_initial_inventory_form_view_action_cancel_draft,"Sup_Warehouse_Manager,Sup_Supply_System_Administrator"
TRUE,,sd.BAR_kitview_composition_kit_form_reset_to_version,"Sup_Warehouse_Manager,Sup_Product_Manager,Sup_Supply_System_Administrator"
TRUE,,sd.BAR_kitview_composition_kit_form_modify_expiry_date,"Sup_Store_Keeper,Sup_Warehouse_Manager,Sup_Product_Manager,Sup_Supply_System_Administrator"
TRUE,,sd.BAR_kitview_composition_kit_form_action_cancel,"Sup_Store_Keeper,Sup_Warehouse_Manager,Sup_Product_Manager,Sup_Supply_System_Administrator"
TRUE,,sd.BAR_kitview_composition_kit_form_mark_as_inactive,"Sup_Store_Keeper,Sup_Warehouse_Manager,Sup_Product_Manager,Sup_Supply_System_Administrator"
TRUE,,sd.BAR_kitview_composition_kit_form_mark_as_active,"Sup_Warehouse_Manager,Sup_Product_Manager,Sup_Supply_System_Administrator"
TRUE,,sd.BAR_kitview_composition_kit_form_mark_as_completed,"Sup_Store_Keeper,Sup_Warehouse_Manager,Sup_Product_Manager,Sup_Supply_System_Administrator"
TRUE,,sd.BAR_kitview_composition_kit_form_substitute_items,"Sup_Store_Keeper,Sup_Warehouse_Manager,Sup_Product_Manager,Sup_Supply_System_Administrator"
TRUE,,sd.BAR_kitview_composition_kit_form_de_kitting,"Sup_Store_Keeper,Sup_Warehouse_Manager,Sup_Product_Manager,Sup_Supply_System_Administrator"
TRUE,,sd.BAR_kitview_composition_kit_form_close_kit,"Sup_Store_Keeper,Sup_Warehouse_Manager,Sup_Product_Manager,Sup_Supply_System_Administrator"
TRUE,,sd.BAR_purchasepurchase_order_form_de_kitting,"Sup_Store_Keeper,Sup_Warehouse_Manager,Sup_Product_Manager,Sup_Supply_System_Administrator"
TRUE,,sd.BAR_purchasepurchase_order_line_form_de_kitting,"Sup_Store_Keeper,Sup_Warehouse_Manager,Sup_Product_Manager,Sup_Supply_System_Administrator"
TRUE,,sd.BAR_saleview_order_form_de_kitting,"Sup_Store_Keeper,Sup_Warehouse_Manager,Sup_Product_Manager,Sup_Supply_System_Administrator"
TRUE,,sd.BAR_kitview_kit_creation_form_do_reset_to_version,"Sup_Store_Keeper,Sup_Warehouse_Manager,Sup_Product_Manager,Sup_Supply_System_Administrator"
TRUE,,sd.BAR_kitview_kit_creation_form_do_process_to_consume,"Sup_Store_Keeper,Sup_Warehouse_Manager,Sup_Product_Manager,Sup_Supply_System_Administrator"
TRUE,,sd.BAR_kitview_kit_creation_form_dummy_function,"Sup_Store_Keeper,Sup_Warehouse_Manager,Sup_Product_Manager,Sup_Supply_System_Administrator"
TRUE,,sd.BAR_kitview_kit_creation_form_start_production,"Sup_Store_Keeper,Sup_Warehouse_Manager,Sup_Product_Manager,Sup_Supply_System_Administrator"
TRUE,,sd.BAR_kitview_kit_creation_form_do_process_to_consume2,"Sup_Store_Keeper,Sup_Warehouse_Manager,Sup_Product_Manager,Sup_Supply_System_Administrator"
TRUE,,sd.BAR_kitview_kit_creation_form_split_stock_move,"Sup_Store_Keeper,Sup_Warehouse_Manager,Sup_Product_Manager,Sup_Supply_System_Administrator"
TRUE,,sd.BAR_kitview_kit_creation_form_force_assign,"Sup_Store_Keeper,Sup_Warehouse_Manager,Sup_Product_Manager,Sup_Supply_System_Administrator"
TRUE,,sd.BAR_kitview_kit_creation_form_cancel_assign,"Sup_Store_Keeper,Sup_Warehouse_Manager,Sup_Product_Manager,Sup_Supply_System_Administrator"
TRUE,,sd.BAR_kitview_kit_creation_form_validate_assign,"Sup_Store_Keeper,Sup_Warehouse_Manager,Sup_Product_Manager,Sup_Supply_System_Administrator"
TRUE,,sd.BAR_kitview_kit_creation_form_assign_to_kit,"Sup_Store_Keeper,Sup_Warehouse_Manager,Sup_Product_Manager,Sup_Supply_System_Administrator"
TRUE,,sd.BAR_kitview_kit_creation_form_cancel_all_lines,"Useability / No One,Sup_Supply_System_Administrator"
TRUE,,sd.BAR_kitview_kit_creation_form_cancel_availability_all_lines,"Useability / No One,Sup_Supply_System_Administrator"
TRUE,,sd.BAR_kitview_kit_creation_form_force_assign2,"Sup_Warehouse_Manager,Sup_Product_Manager,Sup_Supply_System_Administrator"
TRUE,,sd.BAR_kitview_kit_creation_form_consolidate_lines,"Sup_Store_Keeper,Sup_Warehouse_Manager,Sup_Product_Manager,Sup_Supply_System_Administrator"
TRUE,,sd.BAR_kitview_kit_creation_form_check_availability,"Sup_Store_Keeper,Sup_Warehouse_Manager,Sup_Product_Manager,Sup_Supply_System_Administrator"
TRUE,,sd.BAR_kitview_kit_creation_form_validate_assign_all_lines,"Sup_Store_Keeper,Sup_Warehouse_Manager,Sup_Product_Manager,Sup_Supply_System_Administrator"
TRUE,,sd.BAR_kitview_kit_creation_form_process_to_consume,"Sup_Store_Keeper,Sup_Warehouse_Manager,Sup_Product_Manager,Sup_Supply_System_Administrator"
TRUE,,sd.BAR_kitview_kit_creation_form_action_cancel,"Sup_Store_Keeper,Sup_Warehouse_Manager,Sup_Product_Manager,Sup_Supply_System_Administrator"
TRUE,,sd.BAR_kitview_kit_creation_form_confirm_kitting,"Sup_Store_Keeper,Sup_Warehouse_Manager,Sup_Product_Manager,Sup_Supply_System_Administrator"
TRUE,,sd.BAR_kitview_substitute_form_check_integrity,"Sup_Store_Keeper,Sup_Warehouse_Manager,Sup_Product_Manager,Sup_Supply_System_Administrator"
TRUE,,sd.BAR_kitview_substitute_form_check_availability,"Sup_Store_Keeper,Sup_Warehouse_Manager,Sup_Product_Manager,Sup_Supply_System_Administrator"
TRUE,,sd.BAR_kitview_substitute_form_do_substitute,"Sup_Store_Keeper,Sup_Warehouse_Manager,Sup_Product_Manager,Sup_Supply_System_Administrator"
TRUE,,sd.BAR_kitview_substitute_form_do_de_kitting,"Sup_Store_Keeper,Sup_Warehouse_Manager,Sup_Product_Manager,Sup_Supply_System_Administrator"
TRUE,,sd.BAR_kitview_confirm_form_wizard_back_step,"Sup_Store_Keeper,Sup_Warehouse_Manager,Sup_Product_Manager,Sup_Supply_System_Administrator"
TRUE,,sd.BAR_kitview_confirm_form_wizard_do_action,"Sup_Store_Keeper,Sup_Warehouse_Manager,Sup_Product_Manager,Sup_Supply_System_Administrator"
TRUE,,sd.BAR_kitview_kit_selection_form_wizard_import_items,"Sup_Store_Keeper,Sup_Warehouse_Manager,Sup_Product_Manager,Sup_Supply_System_Administrator"
TRUE,,sd.BAR_kitview_kit_selection_form_wizard_do_de_kitting,"Sup_Store_Keeper,Sup_Warehouse_Manager,Sup_Product_Manager,Sup_Supply_System_Administrator"
TRUE,,sd.BAR_kitview_kit_selection_sale_form_wizard_import_items,"Sup_Store_Keeper,Sup_Warehouse_Manager,Sup_Product_Manager,Sup_Supply_System_Administrator"
TRUE,,sd.BAR_kitview_kit_selection_sale_form_wizard_do_de_kitting,"Sup_Store_Keeper,Sup_Warehouse_Manager,Sup_Product_Manager,Sup_Supply_System_Administrator"
TRUE,,sd.BAR_kitview_modify_expiry_date_form_wizard_compute_date,"Sup_Store_Keeper,Sup_Warehouse_Manager,Sup_Product_Manager,Sup_Supply_System_Administrator"
TRUE,,sd.BAR_kitview_modify_expiry_date_form_wizard_do_modify_expiry_date,"Sup_Store_Keeper,Sup_Warehouse_Manager,Sup_Product_Manager,Sup_Supply_System_Administrator"
TRUE,,sd.BAR_kitview_process_to_consume_form_do_process_to_consume,"Sup_Store_Keeper,Sup_Warehouse_Manager,Sup_Product_Manager,Sup_Supply_System_Administrator"
TRUE,,sd.BAR_kitview_assign_to_kit_form_refresh_kit_creation_view,"Sup_Store_Keeper,Sup_Warehouse_Manager,Sup_Product_Manager,Sup_Supply_System_Administrator"
TRUE,,sd.BAR_kitview_assign_to_kit_form_automatic_assignment,"Sup_Store_Keeper,Sup_Warehouse_Manager,Sup_Product_Manager,Sup_Supply_System_Administrator"
TRUE,,sd.BAR_kitview_assign_to_kit_form_do_assign_to_kit,"Sup_Store_Keeper,Sup_Warehouse_Manager,Sup_Product_Manager,Sup_Supply_System_Administrator"
TRUE,,sd.BAR_sourcingsourcing_line_normal_tree_view_open_split_wizard,"Sup_Demand_Manager,Sup_Purchase_Manager,Sup_Supply_System_Administrator,Sup_Purchase_Sup"
TRUE,,sd.BAR_sourcingsourcing_line_normal_tree_view_confirmLine,"Sup_Demand_Manager,Sup_Purchase_Manager,Sup_Supply_System_Administrator,Sup_Purchase_Sup"
TRUE,,sd.BAR_sourcingsourcing_line_normal_tree_view_unconfirmLine,"Sup_Store_Keeper,Sup_Warehouse_Manager,Sup_Product_Manager,Sup_Supply_System_Administrator,Sup_Demand_Manager"
TRUE,,sd.BAR_sourcingmulitple_sourcing_wizard_form_view_save_lines,"Sup_Purchase_Officer,Sup_Purchase_Manager,Sup_Product_Manager,Sup_Supply_System_Administrator,Sup_Purchase_Sup"
TRUE,,sd.BAR_sourcingmulitple_sourcing_wizard_form_view_source_lines,"Sup_Supply_System_Administrator,Sup_Purchase_Manager,Sup_Demand_Manager,Sup_Purchase_Sup"
TRUE,,sd.BAR_sourcingmulitple_sourcing_wizard_form_view_save_source_lines,"Sup_Supply_System_Administrator,Sup_Purchase_Manager,Sup_Demand_Manager,Sup_Purchase_Sup"
TRUE,,sd.BAR_msf_outgoingview_picking_ticket_tree_create_picking,"Sup_Store_Keeper,Sup_Warehouse_Manager,Sup_Supply_System_Administrator"
TRUE,,sd.BAR_msf_outgoingview_picking_ticket_tree_validate_picking,"Sup_Supply_System_Administrator,Sup_Warehouse_Manager,Sup_Store_Keeper"
TRUE,,sd.BAR_msf_outgoingview_picking_ticket_form_cancel_assign,"Sup_Store_Keeper,Sup_Warehouse_Manager,Sup_Supply_System_Administrator"
TRUE,,sd.BAR_msf_outgoingview_picking_ticket_form_force_assign,"Sup_Warehouse_Manager,Sup_Supply_System_Administrator"
TRUE,,sd.BAR_msf_outgoingview_picking_ticket_form_action_confirm,"Sup_Warehouse_Manager,Sup_Supply_System_Administrator"
TRUE,,sd.BAR_msf_outgoingview_picking_ticket_form_call_cancel_wizard,"Sup_Store_Keeper,Sup_Warehouse_Manager,Sup_Supply_System_Administrator"
TRUE,,sd.BAR_msf_outgoingview_picking_ticket_form_button_cancel,"Sup_Store_Keeper,Sup_Warehouse_Manager,Sup_Supply_System_Administrator"
TRUE,,sd.BAR_msf_outgoingview_picking_ticket_form_action_confirm_moves,"Sup_Store_Keeper,Sup_Warehouse_Manager,Sup_Supply_System_Administrator"
TRUE,,sd.BAR_msf_outgoingview_picking_ticket_form_action_assign,"Sup_Store_Keeper,Sup_Warehouse_Manager,Sup_Supply_System_Administrator"
TRUE,,sd.BAR_msf_outgoingview_picking_ticket_form_convert_to_standard,"Sup_Store_Keeper,Sup_Warehouse_Manager,Sup_Supply_System_Administrator"
TRUE,,sd.BAR_msf_outgoingview_picking_ticket_form_create_picking,"Sup_Store_Keeper,Sup_Warehouse_Manager,Sup_Supply_System_Administrator"
TRUE,,sd.BAR_msf_outgoingview_picking_ticket_form_validate_picking,"Sup_Supply_System_Administrator,Sup_Warehouse_Manager,Sup_Store_Keeper"
TRUE,,sd.BAR_msf_outgoingview_ppl_tree_ppl,"Sup_Store_Keeper,Sup_Warehouse_Manager,Sup_Supply_System_Administrator"
TRUE,,sd.BAR_msf_outgoingview_ppl_form_force_assign,"Sup_Warehouse_Manager,Sup_Supply_System_Administrator"
TRUE,,sd.BAR_msf_outgoingview_ppl_form_cancel_assign,"Sup_Store_Keeper,Sup_Warehouse_Manager,Sup_Supply_System_Administrator"
TRUE,,sd.BAR_msf_outgoingview_ppl_form_action_assign,"Sup_Store_Keeper,Sup_Warehouse_Manager,Sup_Supply_System_Administrator"
TRUE,,sd.BAR_msf_outgoingview_ppl_form_ppl,"Sup_Store_Keeper,Sup_Warehouse_Manager,Sup_Supply_System_Administrator"
TRUE,,sd.BAR_msf_outgoingview_packing_form_force_assign,"Sup_Warehouse_Manager,Sup_Supply_System_Administrator"
TRUE,,sd.BAR_msf_outgoingview_packing_form_cancel_assign,"Sup_Store_Keeper,Sup_Warehouse_Manager,Sup_Supply_System_Administrator"
TRUE,,sd.BAR_msf_outgoingview_packing_form_button_cancel,"Sup_Store_Keeper,Sup_Warehouse_Manager,Sup_Supply_System_Administrator"
TRUE,,sd.BAR_msf_outgoingview_packing_form_action_assign,"Sup_Store_Keeper,Sup_Warehouse_Manager,Sup_Supply_System_Administrator"
TRUE,,sd.BAR_msf_outgoingview_packing_form_packing,"Sup_Store_Keeper,Sup_Warehouse_Manager,Sup_Supply_System_Administrator"
TRUE,,sd.BAR_msf_outgoingview_packing_form_stockact_stock_return_picking,"Sup_Store_Keeper,Sup_Warehouse_Manager,Sup_Supply_System_Administrator"
TRUE,,sd.BAR_msf_outgoingview_shipment_tree_create_shipment,Sup_Transport_Manager
TRUE,,sd.BAR_msf_outgoingview_shipment_tree_ship,"Sup_Store_Keeper,Sup_Warehouse_Manager,Sup_Supply_System_Administrator"
TRUE,,sd.BAR_msf_outgoingview_shipment_tree_validate,Sup_Transport_Manager
TRUE,,sd.BAR_msf_outgoingview_shipment_form_return_packs,"Sup_Store_Keeper,Sup_Warehouse_Manager,Sup_Supply_System_Administrator"
TRUE,,sd.BAR_msf_outgoingview_shipment_form_create_shipment,Sup_Transport_Manager
TRUE,,sd.BAR_msf_outgoingview_shipment_form_action_cancel,"Sup_Store_Keeper,Sup_Warehouse_Manager,Sup_Supply_System_Administrator"
TRUE,,sd.BAR_msf_outgoingview_shipment_form_ship,"Sup_Store_Keeper,Sup_Warehouse_Manager,Sup_Supply_System_Administrator"
TRUE,,sd.BAR_msf_outgoingview_shipment_form_return_packs_from_shipment,"Sup_Store_Keeper,Sup_Warehouse_Manager,Sup_Supply_System_Administrator"
TRUE,,sd.BAR_msf_outgoingview_shipment_form_validate,Sup_Transport_Manager
TRUE,,sd.BAR_msf_outgoingview_shipment_form_set_delivered,"Sup_Store_Keeper,Sup_Warehouse_Manager,Sup_Supply_System_Administrator,Sup_Transport_Manager"
TRUE,,sd.BAR_msf_outgoingstock_move_memory_tree_picking_split,"Sup_Store_Keeper,Sup_Warehouse_Manager,Sup_Supply_System_Administrator"
TRUE,,sd.BAR_msf_outgoingstock_move_memory_tree_ppl_split,"Sup_Store_Keeper,Sup_Warehouse_Manager,Sup_Supply_System_Administrator"
TRUE,,sd.BAR_msf_outgoingstock_move_memory_tree_shipment_returnpacksfromshipment_split,"Sup_Store_Keeper,Sup_Warehouse_Manager,Sup_Supply_System_Administrator"
TRUE,,sd.BAR_msf_outgoingview_split_memory_move_form_wizard_cancel,"Sup_Store_Keeper,Sup_Warehouse_Manager,Sup_Supply_System_Administrator"
TRUE,,sd.BAR_msf_outgoingview_split_memory_move_form_wizard_split,"Sup_Store_Keeper,Sup_Warehouse_Manager,Sup_Supply_System_Administrator"
TRUE,,sd.BAR_delivery_mechanismstock_move_memory_tree_in_change_product,"Sup_Store_Keeper,Sup_Warehouse_Manager,Sup_Supply_System_Administrator"
TRUE,,sd.BAR_delivery_mechanismstock_move_memory_tree_out_split,"Sup_Store_Keeper,Sup_Warehouse_Manager,Sup_Supply_System_Administrator"
TRUE,,sd.BAR_delivery_mechanismview_enter_reason_form_wizard_do_cancel,"Sup_Warehouse_Manager,Sup_Supply_System_Administrator,Sup_Store_Keeper"
TRUE,,sd.BAR_tender_flowtender_form_ask_unlink,"Sup_Supply_System_Administrator,Sup_Purchase_Officer,Sup_Purchase_Manager,Sup_Purchase_Sup"
TRUE,,sd.BAR_tender_flowtender_form_cancel_tender,"Sup_Supply_System_Administrator,Sup_Purchase_Officer,Sup_Purchase_Manager,Sup_Purchase_Sup"
TRUE,,sd.BAR_tender_flowtender_form_button_generate,"Sup_Supply_System_Administrator,Sup_Purchase_Officer,Sup_Purchase_Manager,Sup_Purchase_Sup"
TRUE,,sd.BAR_tender_flowtender_form_compare_rfqs,"Sup_Supply_System_Administrator,Sup_Purchase_Manager,Sup_Purchase_Sup"
TRUE,,sd.BAR_tender_flowtender_form_update_supplier_info,"Sup_Supply_System_Administrator,Sup_Purchase_Manager,Sup_Purchase_Sup"
TRUE,,sd.BAR_tender_flowtender_form_continue_sourcing,"Sup_Supply_System_Administrator,Sup_Purchase_Manager,Sup_Purchase_Sup"
TRUE,,sd.BAR_tender_flowtender_form_create_po,"Sup_Supply_System_Administrator,Sup_Purchase_Officer,Sup_Purchase_Manager,Sup_Purchase_Sup"
TRUE,,sd.BAR_tender_flowtender_form_wkf_action_done,"Sup_Supply_System_Administrator,Sup_Purchase_Officer,Sup_Purchase_Manager,Sup_Purchase_Sup"
TRUE,,sd.BAR_tender_flowtender_line_cancel_wizard_form_view_just_cancel,"Sup_Supply_System_Administrator,Sup_Purchase_Officer,Sup_Purchase_Manager,Sup_Purchase_Sup"
TRUE,,sd.BAR_tender_flowtender_line_cancel_wizard_form_view_cancel_and_resource,"Sup_Supply_System_Administrator,Sup_Purchase_CR"
TRUE,,sd.BAR_tender_flowask_tender_cancel_wizard_form_view_close_window,"Sup_Supply_System_Administrator,Sup_Purchase_Officer,Sup_Purchase_Manager,Sup_Purchase_Sup"
TRUE,,sd.BAR_tender_flowask_tender_cancel_wizard_form_view_just_cancel,"Sup_Supply_System_Administrator,Sup_Purchase_Officer,Sup_Purchase_Manager,Sup_Purchase_Sup"
TRUE,,sd.BAR_tender_flowtender_cancel_wizard_form_view_just_cancel,"Sup_Supply_System_Administrator,Sup_Purchase_Officer,Sup_Purchase_Manager,Sup_Purchase_Sup"
TRUE,,sd.BAR_tender_flowtender_cancel_wizard_form_view_cancel_and_resource,"Sup_Supply_System_Administrator,Sup_Purchase_CR"
TRUE,,sd.BAR_stock_forecastview_stock_forecast_from_do_print,"Sup_Store_Keeper,Sup_Warehouse_Manager,Sup_Supply_System_Administrator"
TRUE,,sd.BAR_stock_forecastview_stock_forecast_from_do_export,"Sup_Store_Keeper,Sup_Warehouse_Manager,Sup_Supply_System_Administrator"
TRUE,,sd.BAR_stock_forecastview_stock_forecast_from_do_graph,"Sup_Store_Keeper,Sup_Warehouse_Manager,Sup_Supply_System_Administrator"
TRUE,,sd.BAR_stock_forecastview_stock_forecast_from_do_forecast,"Sup_Store_Keeper,Sup_Warehouse_Manager,Sup_Supply_System_Administrator"
TRUE,,sd.BAR_msf_cross_dockingview_picking_out_cross_docking_form_button_cross_docking,"Sup_Store_Keeper,Sup_Warehouse_Manager,Sup_Supply_System_Administrator"
TRUE,,sd.BAR_msf_cross_dockingview_picking_out_cross_docking_form_button_stock,"Sup_Store_Keeper,Sup_Warehouse_Manager,Sup_Supply_System_Administrator"
TRUE,,sd.BAR_msf_cross_dockingview_picking_out_cross_docking_form_button_cross_docking_all,"Sup_Store_Keeper,Sup_Warehouse_Manager,Sup_Supply_System_Administrator"
TRUE,,sd.BAR_msf_cross_dockingview_picking_out_cross_docking_form_button_stock_all,"Sup_Store_Keeper,Sup_Warehouse_Manager,Sup_Supply_System_Administrator"
TRUE,,sd.BAR_msf_cross_dockingview_picking_ticket_cross_docking_form_button_cross_docking,"Sup_Store_Keeper,Sup_Warehouse_Manager,Sup_Supply_System_Administrator"
TRUE,,sd.BAR_msf_cross_dockingview_picking_ticket_cross_docking_form_button_stock,"Sup_Store_Keeper,Sup_Warehouse_Manager,Sup_Supply_System_Administrator"
TRUE,,sd.BAR_msf_cross_dockingview_picking_ticket_cross_docking_form_button_cross_docking_all,"Sup_Store_Keeper,Sup_Warehouse_Manager,Sup_Supply_System_Administrator"
TRUE,,sd.BAR_msf_cross_dockingview_picking_ticket_cross_docking_form_button_stock_all,"Sup_Store_Keeper,Sup_Warehouse_Manager,Sup_Supply_System_Administrator"
TRUE,,sd.BAR_msf_cross_dockingview_ppl_cross_docking_form_button_cross_docking,"Sup_Store_Keeper,Sup_Warehouse_Manager,Sup_Supply_System_Administrator"
TRUE,,sd.BAR_msf_cross_dockingview_ppl_cross_docking_form_button_stock,"Sup_Store_Keeper,Sup_Warehouse_Manager,Sup_Supply_System_Administrator"
TRUE,,sd.BAR_msf_cross_dockingview_ppl_cross_docking_form_button_cross_docking_all,"Sup_Store_Keeper,Sup_Warehouse_Manager,Sup_Supply_System_Administrator"
TRUE,,sd.BAR_msf_cross_dockingview_ppl_cross_docking_form_button_stock_all,"Sup_Store_Keeper,Sup_Warehouse_Manager,Sup_Supply_System_Administrator"
TRUE,,sd.BAR_documents_donedocuments_done_list_view_go_to_problems,"Sup_Purchase_Manager,Sup_Purchase_Sup"
TRUE,,sd.BAR_documents_donedocuments_done_problem_form_view_go_to_doc,"Sup_Purchase_Manager,Sup_Purchase_Sup"
TRUE,,sd.BAR_documents_donedocuments_done_problem_form_view_cancel_document,"Sup_Purchase_Manager,Sup_Purchase_Sup"
TRUE,,sd.BAR_sales_followupsale_order_followup_progress_view_update_followup,"Sup_Purchase_Manager,Sup_Purchase_Sup,Sup_Demand_Manager,Sup_Supply_System_Administrator,Sup_Med_Read,Sup_Purchase_Officer"
TRUE,,sd.BAR_sales_followupsale_order_line_followup_form_view_go_to_tender_info,"Sup_Purchase_Manager,Sup_Purchase_Sup,Sup_Demand_Manager,Sup_Supply_System_Administrator"
TRUE,,sd.BAR_sales_followupsale_order_line_followup_form_view_go_to_po_info,"Sup_Purchase_Manager,Sup_Purchase_Sup,Sup_Demand_Manager,Sup_Supply_System_Administrator"
TRUE,,sd.BAR_sales_followupsale_order_line_followup_form_view_go_to_incoming_info,"Sup_Purchase_Manager,Sup_Purchase_Sup,Sup_Demand_Manager,Sup_Supply_System_Administrator"
TRUE,,sd.BAR_sales_followupsale_order_line_followup_form_view_go_to_outgoing_info,"Sup_Purchase_Manager,Sup_Purchase_Sup,Sup_Demand_Manager,Sup_Supply_System_Administrator"
TRUE,,sd.BAR_sales_followupsale_order_line_follow_choose_view_go_to_view,"Sup_Purchase_Manager,Sup_Purchase_Sup,Sup_Demand_Manager,Sup_Supply_System_Administrator"
TRUE,,sd.BAR_sales_followupsale_order_followup_from_menu_go_to_followup,"Sup_Purchase_Manager,Sup_Purchase_Sup,Sup_Demand_Manager,Sup_Supply_System_Administrator,Sup_Med_Read,Sup_Purchase_Officer"
TRUE,,sd.BAR_msf_config_locationsstock_location_configuration_wizard_confirm_creation,"Sup_Supply_Config,Sup_Supply_System_Administrator"
TRUE,,sd.BAR_msf_config_locationsstock_location_configuration_wizard_confirm_creation2,"Sup_Supply_Config,Sup_Supply_System_Administrator"
TRUE,,sd.BAR_msf_config_locationsstock_remove_location_wizard_form_view_see_moves,"Sup_Supply_Config,Sup_Supply_System_Administrator"
TRUE,,sd.BAR_msf_config_locationsstock_remove_location_wizard_form_view_products_in_location,"Sup_Supply_Config,Sup_Supply_System_Administrator"
TRUE,,sd.BAR_msf_config_locationsstock_remove_location_wizard_form_view_children_location,"Sup_Supply_Config,Sup_Supply_System_Administrator"
TRUE,,sd.BAR_msf_config_locationsstock_remove_location_wizard_form_view_deactivate_location,"Sup_Supply_Config,Sup_Supply_System_Administrator"
TRUE,,sd.BAR_msf_config_locationsstock_remove_location_wizard_form_view_check_error,"Sup_Supply_Config,Sup_Supply_System_Administrator"
TRUE,,sd.BAR_msf_config_locationsview_configurable_location_setup_action_stop,"Sup_Supply_Config,Sup_Supply_System_Administrator"
TRUE,,sd.BAR_mission_stockmission_stock_wizard_view_update,"Sup_Purchase_Manager,Sup_Purchase_Sup,Sup_Demand_Manager,Sup_Warehouse_Manager,Sup_Supply_System_Administrator"
TRUE,,sd.BAR_mission_stockmission_stock_wizard_view_open_products_view,"Sup_Purchase_Manager,Sup_Purchase_Sup,Sup_Demand_Manager,Sup_Warehouse_Manager,Sup_Supply_System_Administrator,Sup_Med_Read"
TRUE,,sd.BAR_return_claimview_return_claim_form_do_process_event,"Sup_Purchase_Manager,Sup_Purchase_Sup,Sup_Supply_System_Administrator,Sup_Purchase_Officer,Sup_Demand_Manager,Sup_Warehouse_Manager"
TRUE,,sd.BAR_return_claimview_return_claim_form_add_event,"Sup_Supply_System_Administrator,Sup_Purchase_Officer,Sup_Purchase_Manager,Sup_Purchase_Sup,Sup_Warehouse_Manager,Sup_Demand_Manager"
TRUE,,sd.BAR_return_claimview_return_claim_form_check_product_lines_integrity,"Sup_Supply_System_Administrator,Sup_Purchase_Officer,Sup_Purchase_Manager,Sup_Warehouse_Manager,Sup_Demand_Manager,Sup_Purchase_Sup"
TRUE,,sd.BAR_return_claimview_return_claim_form_load_products,"Sup_Supply_System_Administrator,Sup_Purchase_Officer,Sup_Purchase_Manager,Sup_Warehouse_Manager,Sup_Demand_Manager,Sup_Purchase_Sup"
TRUE,,sd.BAR_return_claimview_return_claim_form_close_claim,"Sup_Supply_System_Administrator,Sup_Purchase_Officer,Sup_Purchase_Manager,Sup_Warehouse_Manager,Sup_Demand_Manager,Sup_Purchase_Sup"
TRUE,,sd.BAR_return_claimview_add_event_form_wizard_do_add_event,"Sup_Supply_System_Administrator,Sup_Purchase_Officer,Sup_Purchase_Manager,Sup_Warehouse_Manager,Sup_Demand_Manager,Sup_Purchase_Sup"
TRUE,,sd.BAR_saleview_order_form_wizard_import_fo_line,"Sup_Supply_System_Administrator,Sup_Demand_Manager,Sup_Requester,Sup_Request_Validator"
TRUE,,sd.BAR_saleview_order_form_button_remove_lines,"Sup_Supply_System_Administrator,Sup_Demand_Manager,Sup_Requester,Sup_Request_Validator"
TRUE,,sd.BAR_saleview_order_form_check_lines_to_fix,"Sup_Supply_System_Administrator,Sup_Demand_Manager,Sup_Requester,Sup_Request_Validator"
TRUE,,sd.BAR_saleview_order_form_add_multiple_lines,"Sup_Supply_System_Administrator,Sup_Demand_Manager,Sup_Requester,Sup_Request_Validator"
TRUE,,sd.BAR_msf_doc_importinternal_request_import_lines_get_error,"Sup_Supply_System_Administrator,Sup_Demand_Manager,Sup_Requester,Sup_Request_Validator"
TRUE,,sd.BAR_msf_doc_importinternal_request_import_lines_wizard_import_ir_line,"Sup_Supply_System_Administrator,Sup_Demand_Manager,Sup_Requester,Sup_Request_Validator"
TRUE,,sd.BAR_msf_doc_importinternal_request_import_lines_button_remove_lines,"Sup_Supply_System_Administrator,Sup_Demand_Manager,Sup_Requester,Sup_Request_Validator"
TRUE,,sd.BAR_msf_doc_importinternal_request_import_lines_check_lines_to_fix,"Sup_Supply_System_Administrator,Sup_Demand_Manager,Sup_Requester,Sup_Request_Validator"
TRUE,,sd.BAR_msf_doc_importinternal_request_import_lines_add_multiple_lines,"Sup_Supply_System_Administrator,Sup_Demand_Manager,Sup_Requester,Sup_Request_Validator"
TRUE,,sd.BAR_msf_doc_importtender_form_view_import_wizard_import_tender_line,"Sup_Purchase_Officer,Sup_Purchase_Manager,Sup_Supply_System_Administrator,Sup_Purchase_Sup"
TRUE,,sd.BAR_msf_doc_importtender_form_view_import_check_lines_to_fix,"Sup_Purchase_Officer,Sup_Purchase_Manager,Sup_Supply_System_Administrator,Sup_Purchase_Sup"
TRUE,,sd.BAR_msf_doc_importtender_form_view_import_button_remove_lines,"Sup_Purchase_Officer,Sup_Purchase_Manager,Sup_Supply_System_Administrator,Sup_Purchase_Sup"
TRUE,,sd.BAR_msf_doc_importtender_form_view_import_add_multiple_lines,"Sup_Purchase_Officer,Sup_Purchase_Manager,Sup_Supply_System_Administrator,Sup_Purchase_Sup"
TRUE,,sd.BAR_tender_flowview_rfq_form_wizard_import_po_line,"Sup_Purchase_Officer,Sup_Purchase_Manager,Sup_Supply_System_Administrator,Sup_Purchase_Sup"
TRUE,,sd.BAR_msf_doc_importrfq_form_import_button_remove_lines,"Sup_Purchase_Officer,Sup_Purchase_Manager,Sup_Supply_System_Administrator,Sup_Purchase_Sup"
TRUE,,sd.BAR_purchasepurchase_order_form_check_lines_to_fix,"Sup_Purchase_Officer,Sup_Purchase_Manager,Sup_Supply_System_Administrator,Sup_Purchase_Sup"
TRUE,,sd.BAR_purchasepurchase_order_form_add_multiple_lines,"Sup_Purchase_Officer,Sup_Purchase_Manager,Sup_Supply_System_Administrator,Sup_Purchase_Sup"
TRUE,,sd.BAR_purchasepurchase_order_form_wizard_import_file,"Sup_Purchase_Officer,Sup_Purchase_Manager,Sup_Supply_System_Administrator,Sup_Purchase_Sup"
TRUE,,sd.BAR_purchasepurchase_order_form_export_po_integration,"Sup_Purchase_Officer,Sup_Purchase_Manager,Sup_Supply_System_Administrator,Sup_Purchase_Sup"
TRUE,,sd.BAR_msf_doc_importwizard_export_po_integration_view_close_window,"Sup_Purchase_Officer,Sup_Purchase_Manager,Sup_Supply_System_Administrator,Sup_Purchase_Sup"
TRUE,,sd.BAR_msf_doc_importwizard_export_po_validated_form_view_export_file,"Sup_Purchase_Officer,Sup_Purchase_Manager,Sup_Supply_System_Administrator,Sup_Purchase_Sup"
TRUE,,sd.BAR_msf_doc_importinitial_stock_inventory_form_import_import_file,"Sup_Store_Keeper,Sup_Warehouse_Manager,Sup_Supply_System_Administrator"
TRUE,,sd.BAR_msf_doc_importinitial_stock_inventory_form_import_button_remove_lines,"Sup_Store_Keeper,Sup_Warehouse_Manager,Sup_Supply_System_Administrator"
TRUE,,sd.BAR_msf_doc_importinitial_stock_inventory_form_import_add_multiple_lines,"Sup_Store_Keeper,Sup_Warehouse_Manager,Sup_Supply_System_Administrator"
TRUE,,sd.BAR_msf_doc_importstock_inventory_form_inactive_product_import_file,"Sup_Store_Keeper,Sup_Warehouse_Manager,Sup_Supply_System_Administrator"
TRUE,,sd.BAR_msf_doc_importstock_inventory_form_inactive_product_button_remove_lines,"Sup_Store_Keeper,Sup_Warehouse_Manager,Sup_Supply_System_Administrator"
TRUE,,sd.BAR_msf_doc_importstock_inventory_form_inactive_product_add_multiple_lines,"Sup_Store_Keeper,Sup_Warehouse_Manager,Sup_Supply_System_Administrator"
TRUE,,sd.BAR_msf_doc_importview_internal_move_form_check_lines_to_fix,"Sup_Store_Keeper,Sup_Warehouse_Manager,Sup_Supply_System_Administrator,Sup_Consumption_Management"
TRUE,,sd.BAR_msf_doc_importview_internal_move_form_button_remove_lines,"Sup_Store_Keeper,Sup_Warehouse_Manager,Sup_Supply_System_Administrator,Sup_Consumption_Management"
TRUE,,sd.BAR_msf_doc_importview_internal_move_form_add_multiple_lines,"Sup_Store_Keeper,Sup_Warehouse_Manager,Sup_Supply_System_Administrator,Sup_Consumption_Management"
TRUE,,sd.BAR_msf_doc_importview_incoming_shipment_import_form_view_wizard_import_pick_line,"Sup_Store_Keeper,Sup_Warehouse_Manager,Sup_Supply_System_Administrator"
TRUE,,sd.BAR_msf_doc_importview_incoming_shipment_import_form_view_check_lines_to_fix,"Sup_Store_Keeper,Sup_Warehouse_Manager,Sup_Supply_System_Administrator"
TRUE,,sd.BAR_msf_doc_importview_incoming_shipment_import_form_view_button_remove_lines,"Sup_Store_Keeper,Sup_Warehouse_Manager,Sup_Supply_System_Administrator"
TRUE,,sd.BAR_msf_doc_importview_incoming_shipment_import_form_view_add_multiple_lines,"Sup_Store_Keeper,Sup_Warehouse_Manager,Sup_Supply_System_Administrator"
TRUE,,sd.BAR_msf_doc_importview_delivery_order_import_form_view_wizard_import_pick_line,"Sup_Store_Keeper,Sup_Warehouse_Manager,Sup_Supply_System_Administrator"
TRUE,,sd.BAR_msf_doc_importview_delivery_order_import_form_view_check_lines_to_fix,"Sup_Store_Keeper,Sup_Warehouse_Manager,Sup_Supply_System_Administrator"
TRUE,,sd.BAR_msf_doc_importview_delivery_order_import_form_view_button_remove_lines,"Sup_Store_Keeper,Sup_Warehouse_Manager,Sup_Supply_System_Administrator"
TRUE,,sd.BAR_msf_doc_importview_delivery_order_import_form_view_add_multiple_lines,"Sup_Store_Keeper,Sup_Warehouse_Manager,Sup_Supply_System_Administrator"
TRUE,,sd.BAR_msf_doc_importview_picking_ticket_import_form_view_wizard_import_pick_line,"Sup_Store_Keeper,Sup_Warehouse_Manager,Sup_Supply_System_Administrator"
TRUE,,sd.BAR_msf_doc_importview_picking_ticket_import_form_view_check_lines_to_fix,"Sup_Store_Keeper,Sup_Warehouse_Manager,Sup_Supply_System_Administrator"
TRUE,,sd.BAR_msf_doc_importview_picking_ticket_import_form_view_button_remove_lines,"Sup_Store_Keeper,Sup_Warehouse_Manager,Sup_Supply_System_Administrator"
TRUE,,sd.BAR_msf_doc_importview_picking_ticket_import_form_view_add_multiple_lines,"Sup_Demand_Manager,Sup_Supply_System_Administrator"
TRUE,,sd.BAR_msf_doc_importauto_supply_import_lines_add_multiple_lines,"Sup_Supply_System_Administrator,Sup_Purchase_Manager,Sup_Warehouse_Manager,Sup_Purchase_Sup"
TRUE,,sd.BAR_msf_doc_importauto_supply_import_lines_button_remove_lines,"Sup_Supply_System_Administrator,Sup_Purchase_Manager,Sup_Warehouse_Manager,Sup_Purchase_Sup"
TRUE,,sd.BAR_msf_doc_importorder_cycle_import_lines_wizard_import_order_cycle_line,"Sup_Demand_Manager,Sup_Supply_System_Administrator"
TRUE,,sd.BAR_msf_doc_importorder_cycle_import_lines_add_multiple_lines,"Sup_Demand_Manager,Sup_Supply_System_Administrator"
TRUE,,sd.BAR_msf_doc_importorder_cycle_import_lines_button_remove_lines,"Sup_Demand_Manager,Sup_Supply_System_Administrator"
TRUE,,sd.BAR_msf_doc_importthreshold_value_import_lines_wizard_import_threshold_value_line,"Sup_Supply_System_Administrator,Sup_Purchase_Manager,Sup_Warehouse_Manager,Sup_Purchase_Sup"
TRUE,,sd.BAR_msf_doc_importthreshold_value_import_lines_add_multiple_lines,"Sup_Supply_System_Administrator,Sup_Purchase_Manager,Sup_Warehouse_Manager,Sup_Purchase_Sup"
TRUE,,sd.BAR_msf_doc_importthreshold_value_import_lines_button_remove_lines,"Sup_Supply_System_Administrator,Sup_Purchase_Manager,Sup_Warehouse_Manager,Sup_Purchase_Sup"
TRUE,,sd.BAR_msf_doc_importwizard_to_import_po_line_cancel,"Sup_Purchase_Officer,Sup_Purchase_Manager,Sup_Supply_System_Administrator,Sup_Purchase_Sup"
TRUE,,sd.BAR_msf_doc_importwizard_to_import_po_line_import_file,"Sup_Purchase_Officer,Sup_Purchase_Manager,Sup_Supply_System_Administrator,Sup_Purchase_Sup"
TRUE,,sd.BAR_msf_doc_importwizard_to_import_po_line_dummy,"Sup_Purchase_Officer,Sup_Purchase_Manager,Sup_Supply_System_Administrator,Sup_Purchase_Sup"
TRUE,,sd.BAR_msf_doc_importwizard_to_import_po_line_close_import,"Sup_Purchase_Officer,Sup_Purchase_Manager,Sup_Supply_System_Administrator,Sup_Purchase_Sup"
TRUE,,sd.BAR_msf_doc_importwizard_to_import_fo_line_cancel,"Sup_Purchase_Officer,Sup_Purchase_Manager,Sup_Supply_System_Administrator,Sup_Demand_Manager,Sup_Purchase_Sup"
TRUE,,sd.BAR_msf_doc_importwizard_to_import_fo_line_import_file,"Sup_Purchase_Officer,Sup_Purchase_Manager,Sup_Supply_System_Administrator,Sup_Demand_Manager,Sup_Purchase_Sup"
TRUE,,sd.BAR_msf_doc_importwizard_to_import_fo_line_dummy,"Sup_Purchase_Officer,Sup_Purchase_Manager,Sup_Supply_System_Administrator,Sup_Demand_Manager,Sup_Purchase_Sup"
TRUE,,sd.BAR_msf_doc_importwizard_to_import_fo_line_close_import,"Sup_Purchase_Officer,Sup_Purchase_Manager,Sup_Supply_System_Administrator,Sup_Demand_Manager,Sup_Purchase_Sup"
TRUE,,sd.BAR_msf_doc_importwizard_to_import_tender_line_cancel,"Sup_Purchase_Officer,Sup_Purchase_Manager,Sup_Supply_System_Administrator,Sup_Purchase_Sup"
TRUE,,sd.BAR_msf_doc_importwizard_to_import_tender_line_import_file,"Sup_Purchase_Officer,Sup_Purchase_Manager,Sup_Supply_System_Administrator,Sup_Purchase_Sup"
TRUE,,sd.BAR_msf_doc_importwizard_to_import_tender_line_dummy,"Sup_Purchase_Officer,Sup_Purchase_Manager,Sup_Supply_System_Administrator,Sup_Purchase_Sup"
TRUE,,sd.BAR_msf_doc_importwizard_to_import_tender_line_close_import,"Sup_Demand_Manager,Sup_Supply_System_Administrator"
TRUE,,sd.BAR_msf_doc_importwizard_to_import_ir_line_cancel,"Sup_Supply_System_Administrator,Sup_Demand_Manager,Sup_Requester,Sup_Request_Validator"
TRUE,,sd.BAR_msf_doc_importwizard_to_import_ir_line_import_file,"Sup_Supply_System_Administrator,Sup_Demand_Manager,Sup_Requester,Sup_Request_Validator"
TRUE,,sd.BAR_msf_doc_importwizard_to_import_ir_line_dummy,"Sup_Supply_System_Administrator,Sup_Demand_Manager,Sup_Requester,Sup_Request_Validator"
TRUE,,sd.BAR_msf_doc_importwizard_to_import_ir_line_close_import,"Sup_Supply_System_Administrator,Sup_Demand_Manager,Sup_Requester,Sup_Request_Validator"
TRUE,,sd.BAR_msf_doc_importwizard_to_import_pick_line_cancel,"Sup_Store_Keeper,Sup_Warehouse_Manager,Sup_Supply_System_Administrator,Sup_Consumption_Management"
TRUE,,sd.BAR_msf_doc_importwizard_to_import_pick_line_import_file,"Sup_Store_Keeper,Sup_Warehouse_Manager,Sup_Supply_System_Administrator,Sup_Consumption_Management"
TRUE,,sd.BAR_msf_doc_importwizard_to_import_pick_line_dummy,"Sup_Store_Keeper,Sup_Warehouse_Manager,Sup_Supply_System_Administrator,Sup_Consumption_Management"
TRUE,,sd.BAR_msf_doc_importwizard_to_import_pick_line_close_import,"Sup_Store_Keeper,Sup_Warehouse_Manager,Sup_Supply_System_Administrator,Sup_Consumption_Management"
TRUE,,sd.BAR_msf_doc_importwizard_to_import_auto_supply_line_cancel,"Sup_Supply_System_Administrator,Sup_Purchase_Manager,Sup_Warehouse_Manager,Sup_Purchase_Sup"
TRUE,,sd.BAR_msf_doc_importwizard_to_import_auto_supply_line_import_file,"Sup_Supply_System_Administrator,Sup_Purchase_Manager,Sup_Warehouse_Manager,Sup_Purchase_Sup"
TRUE,,sd.BAR_msf_doc_importwizard_to_import_auto_supply_line_dummy,"Sup_Supply_System_Administrator,Sup_Purchase_Manager,Sup_Warehouse_Manager,Sup_Purchase_Sup"
TRUE,,sd.BAR_msf_doc_importwizard_to_import_auto_supply_line_close_import,"Sup_Supply_System_Administrator,Sup_Purchase_Manager,Sup_Warehouse_Manager,Sup_Purchase_Sup"
TRUE,,sd.BAR_msf_doc_importwizard_to_import_order_cycle_line_cancel,"Sup_Demand_Manager,Sup_Supply_System_Administrator"
TRUE,,sd.BAR_msf_doc_importwizard_to_import_order_cycle_line_import_file,"Sup_Demand_Manager,Sup_Supply_System_Administrator"
TRUE,,sd.BAR_msf_doc_importwizard_to_import_order_cycle_line_dummy,"Sup_Demand_Manager,Sup_Supply_System_Administrator"
TRUE,,sd.BAR_msf_doc_importwizard_to_import_order_cycle_line_close_import,"Sup_Demand_Manager,Sup_Supply_System_Administrator"
TRUE,,sd.BAR_msf_doc_importwizard_to_import_threshold_value_line_cancel,"Sup_Supply_System_Administrator,Sup_Purchase_Manager,Sup_Warehouse_Manager,Sup_Purchase_Sup"
TRUE,,sd.BAR_msf_doc_importwizard_to_import_threshold_value_line_import_file,"Sup_Supply_System_Administrator,Sup_Purchase_Manager,Sup_Warehouse_Manager,Sup_Purchase_Sup"
TRUE,,sd.BAR_msf_doc_importwizard_to_import_threshold_value_line_dummy,"Sup_Supply_System_Administrator,Sup_Purchase_Manager,Sup_Warehouse_Manager,Sup_Purchase_Sup"
TRUE,,sd.BAR_msf_doc_importwizard_to_import_threshold_value_line_close_import,"Sup_Supply_System_Administrator,Sup_Purchase_Manager,Sup_Warehouse_Manager,Sup_Purchase_Sup"
TRUE,,sd.BAR_msf_doc_importwizard_to_import_product_list_cancel,"Sup_Product_Manager,Sup_Supply_System_Administrator,Sup_Purchase_Manager,Sup_Warehouse_Manager,Sup_Demand_Manager,Sup_Purchase_Sup"
TRUE,,sd.BAR_msf_doc_importwizard_to_import_product_list_import_file,"Sup_Product_Manager,Sup_Supply_System_Administrator,Sup_Purchase_Manager,Sup_Warehouse_Manager,Sup_Demand_Manager,Sup_Purchase_Sup"
TRUE,,sd.BAR_msf_doc_importwizard_to_import_product_list_dummy,"Sup_Product_Manager,Sup_Supply_System_Administrator,Sup_Purchase_Manager,Sup_Warehouse_Manager,Sup_Demand_Manager,Sup_Purchase_Sup"
TRUE,,sd.BAR_msf_doc_importwizard_to_import_product_list_close_import,"Sup_Product_Manager,Sup_Supply_System_Administrator,Sup_Purchase_Manager,Sup_Warehouse_Manager,Sup_Demand_Manager,Sup_Purchase_Sup"
TRUE,,sd.BAR_msf_doc_importwizard_import_po_simulation_screen_form_view_return_to_po,"Sup_Purchase_Manager,Sup_Purchase_Sup,Sup_Supply_System_Administrator"
TRUE,,sd.BAR_msf_doc_importwizard_import_po_simulation_screen_form_view_launch_simulate,"Sup_Purchase_Manager,Sup_Purchase_Sup,Sup_Supply_System_Administrator"
TRUE,,sd.BAR_msf_doc_importwizard_import_po_simulation_screen_form_view_launch_import,"Sup_Purchase_Manager,Sup_Purchase_Sup,Sup_Supply_System_Administrator"
TRUE,,sd.BAR_msf_doc_importwizard_import_po_simulation_screen_form_view_go_to_simulation,"Sup_Purchase_Manager,Sup_Purchase_Sup,Sup_Supply_System_Administrator"
TRUE,,sd.BAR_msf_doc_importwizard_import_po_simulation_screen_form_view_print_simulation_report,"Sup_Purchase_Manager,Sup_Purchase_Sup,Sup_Supply_System_Administrator"
TRUE,,sd.BAR_msf_doc_importwizard_import_po_simulation_screen_form_view_get_error_msg,"Sup_Purchase_Manager,Sup_Purchase_Sup,Sup_Supply_System_Administrator"
TRUE,,sd.BAR_msf_doc_importwizard_import_in_simulation_screen_form_view_return_to_in,"Sup_Warehouse_Manager,Sup_Store_Keeper,Sup_Supply_System_Administrator"
TRUE,,sd.BAR_msf_doc_importwizard_import_in_simulation_screen_form_view_launch_simulate,"Sup_Warehouse_Manager,Sup_Store_Keeper,Sup_Supply_System_Administrator"
TRUE,,sd.BAR_msf_doc_importwizard_import_in_simulation_screen_form_view_launch_import,"Sup_Warehouse_Manager,Sup_Store_Keeper,Sup_Supply_System_Administrator"
TRUE,,sd.BAR_msf_doc_importwizard_import_in_simulation_screen_form_view_go_to_simulation,"Sup_Warehouse_Manager,Sup_Store_Keeper,Sup_Supply_System_Administrator"
TRUE,,sd.BAR_msf_doc_importwizard_import_in_simulation_screen_form_view_print_simulation_report,"Sup_Warehouse_Manager,Sup_Store_Keeper,Sup_Supply_System_Administrator"
TRUE,,sd.BAR_msf_doc_importwizard_import_in_line_simulation_screen_tree_view_get_error_msg,"Sup_Store_Keeper,Sup_Warehouse_Manager,Sup_Supply_System_Administrator"
TRUE,,sd.BAR_msf_doc_importview_import_composition_kit_form_import_file_real,"Sup_Store_Keeper,Sup_Warehouse_Manager,Sup_Supply_System_Administrator"
TRUE,,sd.BAR_msf_doc_importview_import_composition_kit_form_import_file,"Sup_Store_Keeper,Sup_Warehouse_Manager,Sup_Supply_System_Administrator"
TRUE,,sd.BAR_msf_doc_importview_import_composition_kit_form_button_remove_lines,"Sup_Purchase_Officer,Sup_Purchase_Manager,Sup_Supply_System_Administrator,Sup_Purchase_Sup"
TRUE,,sd.BAR_msf_doc_importview_import_composition_kit_form_add_multiple_lines,"Sup_Purchase_Officer,Sup_Purchase_Manager,Sup_Supply_System_Administrator,Sup_Purchase_Sup"
TRUE,,sd.BAR_msf_doc_importwizard_to_import_po_begin_cancel,"Sup_Purchase_Officer,Sup_Purchase_Manager,Sup_Supply_System_Administrator,Sup_Purchase_Sup"
TRUE,,sd.BAR_msf_doc_importwizard_to_import_po_begin_import_file,"Sup_Purchase_Officer,Sup_Purchase_Manager,Sup_Supply_System_Administrator,Sup_Purchase_Sup"
TRUE,,sd.BAR_msf_doc_importwizard_to_import_po_begin_dummy,"Sup_Purchase_Officer,Sup_Purchase_Manager,Sup_Supply_System_Administrator,Sup_Purchase_Sup"
TRUE,,sd.BAR_msf_doc_importwizard_to_import_po_begin_close_import,"Sup_Purchase_Officer,Sup_Purchase_Manager,Sup_Supply_System_Administrator,Sup_Purchase_Sup"
TRUE,,sd.BAR_msf_doc_importwizard_to_import_po_begin_open_po,"Sup_Purchase_Officer,Sup_Purchase_Manager,Sup_Consumption_Management,Sup_Demand_Manager,Sup_Warehouse_Manager,Sup_Supply_System_Administrator,Sup_Purchase_Sup"
TRUE,,sd.BAR_msf_doc_importwizard_delete_lines_form_view_remove_selected_lines,"Sup_Purchase_Officer,Sup_Consumption_Management,Sup_Demand_Manager,Sup_Supply_System_Administrator,Sup_Purchase_Manager,Sup_Warehouse_Manager,Sup_Store_Keeper,Sup_Supply_Config,Sup_Product_Manager,Sup_Purchase_Sup"
TRUE,,sd.BAR_msf_doc_importreturn_claim_product_line_form_delete_view_button_remove_lines,"Sup_Purchase_Officer,Sup_Purchase_Manager,Sup_Demand_Manager,Sup_Warehouse_Manager,Sup_Supply_System_Administrator,Sup_Purchase_Sup"
TRUE,,sd.BAR_msf_doc_importwizard_common_import_line_form_view_fill_lines,"Sup_Purchase_Officer,Sup_Purchase_Manager,Sup_Consumption_Management,Sup_Demand_Manager,Sup_Requester,Sup_Request_Validator,Sup_Supply_System_Administrator,Sup_Warehouse_Manager,Sup_Store_Keeper,Sup_Supply_Config,Sup_Purchase_Sup"
TRUE,,sd.BAR_purchasepurchase_order_form_button_dummy,"Sup_Purchase_Officer,Sup_Purchase_Manager,Sup_Supply_System_Administrator,Sup_Purchase_Sup"
TRUE,,sd.BAR_purchasepurchase_order_form_purchase_cancel,"Sup_Purchase_Manager,Sup_Purchase_Sup,Sup_Supply_System_Administrator"
TRUE,,sd.BAR_tender_flowview_rfq_form_rfq_sent,"Sup_Purchase_Officer,Sup_Purchase_Manager,Sup_Supply_System_Administrator,Sup_Purchase_Sup"
TRUE,,sd.BAR_tender_flowview_rfq_form_check_rfq_updated,"Sup_Purchase_Officer,Sup_Purchase_Manager,Sup_Supply_System_Administrator,Sup_Purchase_Sup"
TRUE,,sd.BAR_tender_flowview_rfq_form_generate_po_from_rfq,"Sup_Purchase_Officer,Sup_Purchase_Manager,Sup_Supply_System_Administrator,Sup_Purchase_Sup"
TRUE,,sd.BAR_saleview_order_form_button_dummy,"Sup_Demand_Manager,Sup_Supply_System_Administrator"
TRUE,,sd.BAR_saleview_order_form_invoice_recreate,"Sup_Demand_Manager,Sup_Supply_System_Administrator"
TRUE,,sd.BAR_saleview_order_form_invoice_corrected,"Sup_Demand_Manager,Sup_Supply_System_Administrator"
TRUE,,sd.BAR_saleview_order_form_ship_corrected,"Sup_Demand_Manager,Sup_Supply_System_Administrator"
TRUE,,sd.BAR_saleview_order_form_manual_invoice,"Sup_Demand_Manager,Sup_Supply_System_Administrator"
TRUE,,sd.BAR_saleview_order_form_ship_cancel,"Sup_Demand_Manager,Sup_Supply_System_Administrator"
TRUE,,sd.BAR_saleview_order_form_ask_resource_lines,"Sup_Demand_Manager,Sup_Supply_System_Administrator"
TRUE,,sd.BAR_saleview_order_form_invoice_cancel,"Sup_Demand_Manager,Sup_Supply_System_Administrator"
TRUE,,sd.BAR_saleview_order_form_order_confirm,"Sup_Demand_Manager,Sup_Supply_System_Administrator"
TRUE,,sd.BAR_saleview_order_form_do_order_confirm_method,"Sup_Supply_System_Administrator,Sup_Supply_Config"
TRUE,,sd.BAR_saleview_order_form_validate_lines,"Sup_Demand_Manager,Sup_Supply_System_Administrator"
TRUE,,sd.BAR_saleview_order_form_change_currency,"Sup_Store_Keeper,Sup_Warehouse_Manager,Sup_Supply_System_Administrator"
TRUE,,sd.BAR_delete_buttonview_picking_in_tree_delete_button,"Sup_Store_Keeper,Sup_Warehouse_Manager,Sup_Supply_System_Administrator"
TRUE,,sd.BAR_delete_buttonvpicktree_delete_button,Useability / No One
TRUE,,sd.BAR_delete_buttonview_picking_out_tree_delete_button,Useability / No One
TRUE,,sd.BAR_delete_buttonview_packing_tree_delete_button,"Sup_Consumption_Management,Sup_Supply_System_Administrator"
TRUE,,sd.BAR_delete_buttonreal_average_consumption_tree_view_delete_button,"Sup_Purchase_Officer,Sup_Purchase_Manager,Sup_Supply_System_Administrator,Sup_Purchase_Sup"
TRUE,,sd.BAR_purchasepurchase_order_tree_delete_button,Useability / No One
TRUE,,sd.BAR_delete_buttonview_rfq_tree_delete_button,Useability / No One
TRUE,,sd.BAR_delete_buttonview_sales_tree_delete_button,"Sup_Demand_Manager,Sup_Supply_System_Administrator"
TRUE,,sd.BAR_delete_buttonprocurement_request_tree_view_delete_button,Useability / No One
TRUE,,sd.BAR_delete_buttontender_tree_delete_button,Useability / No One
TRUE,,sd.BAR_msf_doc_importauto_supply_import_lines_wizard_import_auto_supply_line,"Sup_Supply_System_Administrator,Sup_Purchase_Manager,Sup_Warehouse_Manager,Sup_Purchase_Sup"
TRUE,,sd.BAR_tender_flowrfq_cancel_wizard_form_view_cancel_and_resource,"Sup_Supply_System_Administrator,Sup_Purchase_CR"
TRUE,,sd.BAR_stockview_inventory_form_action_cancel_inventary,"Sup_Warehouse_Manager,Sup_Supply_System_Administrator"
TRUE,,sd.BAR_stockview_inventory_form_action_confirm,Sup_Supply_System_Administrator
TRUE,,sd.BAR_stockview_inventory_form_action_done,Sup_Supply_System_Administrator
TRUE,,sd.BAR_stockview_inventory_form_action_cancel_draft,"Sup_Warehouse_Manager,Sup_Supply_System_Administrator"
TRUE,,sd.BAR_saleview_compute_schedulers_wizard_replace_procure_calculation,"Sup_Supply_System_Administrator,Sup_Purchase_Officer,Sup_Purchase_Manager,Sup_Warehouse_Manager,Sup_Purchase_Sup"
TRUE,,sd.BAR_procurement_reportview_compute_schedulers_wizard_min_max_procure_calculation_min_max,"Sup_Supply_System_Administrator,Sup_Purchase_Officer,Sup_Purchase_Manager,Sup_Warehouse_Manager,Sup_Purchase_Sup"
TRUE,,sd.BAR_procurement_reportview_compute_schedulers_wizard_purchase_procure_calculation_purchase,"Sup_Supply_System_Administrator,Sup_Purchase_Officer,Sup_Purchase_Manager,Sup_Warehouse_Manager,Sup_Demand_Manager,Sup_Supply_Config,Sup_Purchase_Sup"
TRUE,,sd.BAR_delete_buttonview_order_tree_delete_button,Useability / No One
TRUE,,sd.BAR_tender_flowview_rfq_form_rfq_closed,"Sup_Purchase_Manager,Sup_Purchase_Sup,Sup_Supply_System_Administrator"
TRUE,,sd.BAR_stockview_picking_in_form_stockact_stock_return_picking,Useability / No One
TRUE,,sd.BAR_specific_rulescost_reevaluation_form_view_action_confirm,"Sup_Product_Manager,Sup_Supply_System_Administrator"
TRUE,,sd.BAR_specific_rulescost_reevaluation_form_view_action_done,"Sup_Product_Manager,Sup_Supply_System_Administrator"
TRUE,,sd.BAR_saleview_order_line_to_correct_form_ask_unlink,"Sup_Supply_System_Administrator,Sup_Demand_Manager"
TRUE,,sd.BAR_purchasepurchase_order_form_button_analytic_distribution,"Sup_Purchase_Manager,Sup_Purchase_Sup,Sup_Purchase_Officer,Sup_Supply_System_Administrator"
TRUE,,sd.BAR_purchasepurchase_order_form_button_reset_distribution,"Sup_Purchase_Manager,Sup_Purchase_Sup,Sup_Purchase_Officer,Sup_Supply_System_Administrator"
TRUE,,sd.BAR_saleview_order_form_button_analytic_distribution,"Sup_Demand_Manager,Sup_Supply_System_Administrator"
TRUE,,sd.BAR_saleview_order_form_button_reset_distribution,"Sup_Demand_Manager,Sup_Supply_System_Administrator"
TRUE,,sd.BAR_procurement_requestprocurement_request_form_view_validated_ir,Sup_Valid_Line_IR
TRUE,,sd.BAR_saleview_order_form_validated,Sup_Valid_Line_FO
TRUE,,sd.BAR_purchasepurchase_order_form_validated,Sup_Valid_Line_PO
TRUE,,sd.BAR_purchasepurchase_order_form_button_confirmed,"Sup_Purchase_Manager,Sup_Purchase_Sup,Sup_Supply_System_Administrator,Sup_Purchase_Officer"
